name,lat,lng,label
서울안산초등학교,37.5790158,126.95152379999999,초등학교
서울역촌초등학교,37.60173820000001,126.9144059,초등학교
서울연가초등학교,37.5802016,126.9180758,초등학교
서울연광초등학교,37.6238264,126.9240662,초등학교
서울연신초등학교,37.6262605,126.92827369999999,초등학교
서울연은초등학교,37.59038230000001,126.9252543,초등학교
서울연천초등학교,37.62085820000001,126.92948740000001,초등학교
서울연희초등학교,37.5692223,126.9337715,초등학교
서울염리초등학교,37.542499,126.9461953,초등학교
서울용강초등학교,37.54861470000001,126.94401670000002,초등학교
서울은명초등학교,37.597604600000004,126.91868149999999,초등학교
서울은빛초등학교,37.63517119999999,126.9200278,초등학교
서울은진초등학교,37.632607,126.9209282,초등학교
서울은평초등학교,37.601956799999996,126.9341059,초등학교
서울응암초등학교,37.58826079999999,126.9217624,초등학교
서울인왕초등학교,37.5901698,126.9450604,초등학교
서울중동초등학교,37.566624600000004,126.91127900000001,초등학교
서울증산초등학교,37.5821614,126.9043095,초등학교
서울진관초등학교,37.645051,126.9291301,초등학교
서울창서초등학교,37.5576674,126.9338905,초등학교
서울창천초등학교,37.5550078,126.939668,초등학교
서울하늘초등학교,37.5855241,126.8806962,초등학교
서울한서초등학교,37.5535966,126.94957579999999,초등학교
서울홍연초등학교,37.581921,126.930807,초등학교
서울홍은초등학교,37.597454799999994,126.9496287,초등학교
서울홍제초등학교,37.5931186,126.94482849999999,초등학교
경기초등학교,37.5648923,126.96287009999999,초등학교
명지초등학교,37.583556099999996,126.92804609999999,초등학교
선일초등학교,37.6197216,126.9132521,초등학교
알로이시오초등학교,37.59818370000001,126.92818159999999,초등학교
예일초등학교,37.6101791,126.91516229999999,초등학교
은혜초등학교,37.617749100000005,126.92754740000002,초등학교
이화여자대학교사범대학부속초등학교,37.5612266,126.94262309999999,초등학교
추계초등학교,37.5628641,126.95316840000001,초등학교
충암초등학교,37.5852815,126.9225855,초등학교
홍익대학교사범대학부속초등학교,37.560199299999994,126.91265109999999,초등학교
서울가산초등학교,37.477878000000004,126.896424,초등학교
서울개명초등학교,37.4828583,126.85054469999999,초등학교
서울개봉초등학교,37.4897388,126.8583705,초등학교
서울개웅초등학교,37.488569700000006,126.8500524,초등학교
서울고산초등학교,37.499291,126.86534350000001,초등학교
서울고원초등학교,37.4974294,126.86597179999998,초등학교
서울고척초등학교,37.5006668,126.8569942,초등학교
서울구로남초등학교,37.4848279,126.89059579999999,초등학교
서울구로초등학교,37.4968195,126.88586940000002,초등학교
서울구일초등학교,37.4927953,126.87292749999999,초등학교
서울금동초등학교,37.447427399999995,126.91642639999999,초등학교
서울금산초등학교,37.4418157,126.908303,초등학교
서울금천초등학교,37.4546495,126.9126228,초등학교
서울당산초등학교,37.5397741,126.89636770000001,초등학교
서울당서초등학교,37.5319593,126.89973229999998,초등학교
서울당중초등학교,37.5263783,126.88972509999999,초등학교
서울대길초등학교,37.4977844,126.91323030000001,초등학교
서울대동초등학교,37.493508399999996,126.90040859999999,초등학교
서울군자초등학교,37.5644532,127.061517,초등학교
서울답십리초등학교,37.569003,127.0554225,초등학교
서울동답초등학교,37.571816600000005,127.0642055,초등학교
서울동원초등학교,37.6047385,127.10494969999999,초등학교
서울망우초등학교,37.59831459999999,127.1035908,초등학교
서울면남초등학교,37.57698389999999,127.08802060000001,초등학교
서울면동초등학교,37.58522670000001,127.0865939,초등학교
서울면목초등학교,37.591356,127.0876154,초등학교
서울면북초등학교,37.5944753,127.10347040000002,초등학교
서울면일초등학교,37.5921204,127.09985359999999,초등학교
서울면중초등학교,37.582123200000005,127.0966459,초등학교
서울묵동초등학교,37.6040651,127.0814476,초등학교
서울묵현초등학교,37.608998299999996,127.07361499999999,초등학교
서울배봉초등학교,37.580028000000006,127.06594140000001,초등학교
서울봉화초등학교,37.613289,127.09239240000001,초등학교
서울상봉초등학교,37.598184499999995,127.0836002,초등학교
서울새솔초등학교,37.6179739,127.11135039999999,초등학교
서울신내초등학교,37.6048021,127.1001538,초등학교
서울신답초등학교,37.5730675,127.0433249,초등학교
서울신묵초등학교,37.607267900000004,127.07551540000001,초등학교
서울신현초등학교,37.605513200000004,127.09346880000001,초등학교
서울안평초등학교,37.5657342,127.07134950000001,초등학교
서울용두초등학교,37.57574279999999,127.0288848,초등학교
서울원묵초등학교,37.6176694,127.0860686,초등학교
서울이문초등학교,37.601598100000004,127.0650878,초등학교
서울장평초등학교,37.573814500000005,127.07326880000001,초등학교
서울전곡초등학교,37.58057549999999,127.0562692,초등학교
서울전농초등학교,37.574489,127.0542426,초등학교
서울전동초등학교,37.579095200000005,127.06113799999999,초등학교
서울종암초등학교,37.582158899999996,127.0311722,초등학교
서울중곡초등학교,37.5745386,127.08384699999999,초등학교
서울중랑초등학교,37.589369500000004,127.0757187,초등학교
서울중목초등학교,37.5897528,127.0793385,초등학교
서울중화초등학교,37.6030662,127.09467179999999,초등학교
서울중흥초등학교,37.601635200000004,127.08413999999999,초등학교
서울청량초등학교,37.5919847,127.0558443,초등학교
서울홍릉초등학교,37.590962899999994,127.0474406,초등학교
서울홍파초등학교,37.5858976,127.0395874,초등학교
서울휘경초등학교,37.585762200000005,127.05811609999998,초등학교
서울휘봉초등학교,37.5859982,127.07015349999999,초등학교
경희초등학교,37.5961951,127.052544,초등학교
금성초등학교,37.615069299999995,127.09003059999999,초등학교
서울삼육초등학교,37.58916970000001,127.0477488,초등학교
은석초등학교,37.5777907,127.0752098,초등학교
서울갈현초등학교,37.6192867,126.91664309999999,초등학교
서울고은초등학교,37.5847872,126.9433678,초등학교
서울공덕초등학교,37.5457314,126.95408359999999,초등학교
서울구산초등학교,37.6124476,126.9094685,초등학교
서울구현초등학교,37.609222700000004,126.90584820000001,초등학교
서울금화초등학교,37.5683284,126.9630251,초등학교
서울녹번초등학교,37.604001000000004,126.92633500000001,초등학교
서울대신초등학교,37.5580828,126.947849,초등학교
서울대은초등학교,37.6121672,126.9259733,초등학교
서울대조초등학교,37.613223299999994,126.91954229999999,초등학교
서울동교초등학교,37.5582046,126.90235039999999,초등학교
서울마포초등학교,37.53842720000001,126.9494344,초등학교
서울망원초등학교,37.5608234,126.9008405,초등학교
서울미동초등학교,37.563100299999995,126.9662737,초등학교
서울북가좌초등학교,37.5774792,126.9074665,초등학교
서울북성초등학교,37.559433,126.951959,초등학교
서울북한산초등학교,37.654060799999996,126.95033799999999,초등학교
서울불광초등학교,37.6130323,126.93098190000002,초등학교
서울상신초등학교,37.5976771,126.9048,초등학교
서울상암초등학교,37.5759905,126.89226509999999,초등학교
서울상지초등학교,37.579697499999995,126.88215220000001,초등학교
서울서강초등학교,37.5483494,126.92658929999999,초등학교
서울서교초등학교,37.5546731,126.92512579999999,초등학교
서울서신초등학교,37.5925304,126.9075312,초등학교
서울성산초등학교,37.5534098,126.9111567,초등학교
서울성서초등학교,37.5605411,126.91111629999999,초등학교
서울성원초등학교,37.567288700000006,126.9052439,초등학교
서울소의초등학교,37.5522966,126.96080159999998,초등학교
서울수리초등학교,37.6196923,126.9333781,초등학교
서울수색초등학교,37.584920000000004,126.89542150000001,초등학교
서울신도초등학교,37.6327684,126.9291409,초등학교
서울신북초등학교,37.5712061,126.90511640000001,초등학교
서울신사초등학교,37.5926639,126.91212150000001,초등학교
서울신석초등학교,37.5440646,126.937863,초등학교
서울아현초등학교,37.555510299999995,126.95596609999998,초등학교
서울대방초등학교,37.5026701,126.91914809999999,초등학교
서울대영초등학교,37.5023694,126.90615179999999,초등학교
서울덕의초등학교,37.5062766,126.85679879999999,초등학교
서울도림초등학교,37.5079851,126.9068392,초등학교
서울도신초등학교,37.4987722,126.90088109999999,초등학교
서울독산초등학교,37.465101399999995,126.9000078,초등학교
서울동구로초등학교,37.491554799999996,126.8922898,초등학교
서울두산초등학교,37.4672494,126.89097209999998,초등학교
서울매봉초등학교,37.5046996,126.844375,초등학교
서울문교초등학교,37.4667151,126.9089754,초등학교
서울문래초등학교,37.518539600000004,126.89321559999999,초등학교
서울문백초등학교,37.4470088,126.8995074,초등학교
서울문성초등학교,37.4747768,126.89946440000001,초등학교
서울미래초등학교,37.505016,126.88794240000001,초등학교
서울백산초등학교,37.4465482,126.90509109999998,초등학교
서울선유초등학교,37.5328162,126.8927942,초등학교
서울세곡초등학교,37.5048823,126.84905800000001,초등학교
서울시흥초등학교,37.4546436,126.9049575,초등학교
서울신구로초등학교,37.499552,126.88936580000001,초등학교
서울신대림초등학교,37.492244,126.9058212,초등학교
서울신도림초등학교,37.5123256,126.8833965,초등학교
서울신미림초등학교,37.506927399999995,126.87949340000002,초등학교
서울신영초등학교,37.5006847,126.8957265,초등학교
서울신흥초등학교,37.459686700000006,126.9090436,초등학교
서울안천초등학교,37.4585946,126.88835549999999,초등학교
서울여의도초등학교,37.5228802,126.93647340000001,초등학교
서울영남초등학교,37.4754537,126.90949170000002,초등학교
서울영동초등학교,37.5263594,126.9074081,초등학교
서울영등포초등학교,37.5129331,126.8992618,초등학교
서울영림초등학교,37.4873525,126.9024483,초등학교
서울영문초등학교,37.5194948,126.88765740000001,초등학교
서울영서초등학교,37.4882883,126.89467420000001,초등학교
서울영신초등학교,37.509968,126.91800900000001,초등학교
서울영원초등학교,37.5106756,126.90221070000001,초등학교
서울영일초등학교,37.48530170000001,126.88407360000001,초등학교
서울영중초등학교,37.5236591,126.90381380000001,초등학교
서울오류남초등학교,37.4896067,126.83871059999998,초등학교
서울오류초등학교,37.49814979999999,126.8423284,초등학교
서울오정초등학교,37.489624,126.82651489999999,초등학교
서울온수초등학교,37.4940717,126.825993,초등학교
서울우신초등학교,37.509564000000005,126.91189229999999,초등학교
서울윤중초등학교,37.5197287,126.92279209999998,초등학교
서울정심초등학교,37.4717252,126.908326,초등학교
서울천왕초등학교,37.481403799999995,126.8370135,초등학교
서울탑동초등학교,37.452434100000005,126.9149142,초등학교
서울흥일초등학교,37.462334999999996,126.9074,초등학교
동광초등학교,37.451389899999995,126.916402,초등학교
서울가인초등학교,37.659906799999995,127.04315919999999,초등학교
서울계상초등학교,37.66271,127.0682669,초등학교
서울공릉초등학교,37.6188016,127.0741878,초등학교
서울공연초등학교,37.627253100000004,127.0741645,초등학교
서울노원초등학교,37.67331779999999,127.0582937,초등학교
서울노일초등학교,37.6732915,127.0547777,초등학교
서울연지초등학교,37.63347879999999,127.05998400000001,초등학교
서울연촌초등학교,37.63506470000001,127.07286210000001,초등학교
서울오봉초등학교,37.6718842,127.04028819999999,초등학교
서울온곡초등학교,37.667608200000004,127.0657902,초등학교
서울용동초등학교,37.641678399999996,127.0694395,초등학교
서울용원초등학교,37.6296027,127.0688662,초등학교
서울원광초등학교,37.6542123,127.07478870000001,초등학교
서울월계초등학교,37.627663500000004,127.0504153,초등학교
서울월천초등학교,37.6478402,127.05220159999999,초등학교
서울을지초등학교,37.6503519,127.07312990000001,초등학교
서울자운초등학교,37.6577174,127.0463946,초등학교
서울중계초등학교,37.6577549,127.0730277,초등학교
서울중원초등학교,37.6436137,127.0628262,초등학교
서울중평초등학교,37.63727960000001,127.0640898,초등학교
서울중현초등학교,37.632417499999995,127.0662355,초등학교
서울창경초등학교,37.6561144,127.0347544,초등학교
서울창도초등학교,37.663831,127.0490956,초등학교
서울창동초등학교,37.6551924,127.0446861,초등학교
서울창림초등학교,37.6429724,127.04154869999999,초등학교
서울창원초등학교,37.6525531,127.040553,초등학교
서울창일초등학교,37.647169500000004,127.0476797,초등학교
서울청계초등학교,37.6448867,127.066442,초등학교
서울초당초등학교,37.6584988,127.0221014,초등학교
서울태랑초등학교,37.6259486,127.0905347,초등학교
서울태릉초등학교,37.6228668,127.0852435,초등학교
서울한천초등학교,37.620463799999996,127.06901299999998,초등학교
동북초등학교,37.655351,127.02682890000001,초등학교
상명초등학교,37.648470200000006,127.06759040000001,초등학교
청원초등학교,37.66602839999999,127.0620129,초등학교
태강삼육초등학교,37.641808399999995,127.11047549999999,초등학교
한신초등학교,37.6529105,127.03180630000001,초등학교
화랑초등학교,37.6292222,127.0905514,초등학교
서울대학교사범대학부설초등학교,37.5770935,127.00380220000001,초등학교
서울광희초등학교,37.5674432,127.0151689,초등학교
서울교동초등학교,37.574889399999996,126.9878998,초등학교
서울금양초등학교,37.5406238,126.96133590000002,초등학교
서울남산초등학교,37.5600487,126.98676840000002,초등학교
서울남정초등학교,37.5360588,126.96498829999999,초등학교
서울덕수초등학교,37.568560600000005,126.97444240000002,초등학교
서울독립문초등학교,37.574143400000004,126.96022520000001,초등학교
서울매동초등학교,37.577234499999996,126.9668504,초등학교
서울명신초등학교,37.581238799999994,127.013846,초등학교
서울보광초등학교,37.5324844,126.9963061,초등학교
서울봉래초등학교,37.5561784,126.9637888,초등학교
서울삼광초등학교,37.5473619,126.97682309999999,초등학교
서울서빙고초등학교,37.52144439999999,126.9921325,초등학교
서울세검정초등학교,37.6033878,126.9608999,초등학교
서울숭신초등학교,37.572022600000004,127.0174768,초등학교
서울신당초등학교,37.56371499999999,127.0237741,초등학교
서울신용산초등학교,37.520194000000004,126.9756071,초등학교
서울용산초등학교,37.535289899999995,126.9720729,초등학교
서울용암초등학교,37.5448696,126.9891625,초등학교
서울원효초등학교,37.536038,126.951778,초등학교
서울이태원초등학교,37.5360669,126.98785900000001,초등학교
서울장충초등학교,37.5594818,127.01141409999998,초등학교
서울재동초등학교,37.5799027,126.9855858,초등학교
서울창신초등학교,37.5760326,127.01438219999999,초등학교
서울청구초등학교,37.5582656,127.01413640000001,초등학교
서울청운초등학교,37.5859741,126.96917069999999,초등학교
서울청파초등학교,37.5475544,126.96408020000001,초등학교
서울충무초등학교,37.56196679999999,127.001346,초등학교
서울한강초등학교,37.525214,126.9651087,초등학교
서울한남초등학교,37.539249299999994,127.00512520000001,초등학교
서울혜화초등학교,37.5888137,127.00002490000001,초등학교
서울효제초등학교,37.572882799999995,127.0032572,초등학교
서울후암초등학교,37.5512799,126.98223689999999,초등학교
서울흥인초등학교,37.560425099999996,127.0142995,초등학교
동산초등학교,37.55636459999999,127.01707240000002,초등학교
리라초등학교,37.55797020000001,126.9885837,초등학교
상명대학교사범대학부속초등학교,37.6008592,126.95622959999999,초등학교
숭의초등학교,37.556776299999996,126.9875325,초등학교
신광초등학교,37.5431703,126.9699957,초등학교
운현초등학교,37.5758393,126.98781899999999,초등학교
서울가동초등학교,37.4973198,127.130219,초등학교
서울가락초등학교,37.5001667,127.1076957,초등학교
서울가원초등학교,37.489369200000006,127.11102209999999,초등학교
서울가주초등학교,37.4965183,127.12917900000001,초등학교
서울강덕초등학교,37.558942200000004,127.1607706,초등학교
서울강동초등학교,37.5461063,127.1304605,초등학교
서울강명초등학교,37.5548237,127.1733219,초등학교
서울강일초등학교,37.5649609,127.17711170000001,초등학교
서울개롱초등학교,37.49736770000001,127.1398426,초등학교
서울거여초등학교,37.5047528,127.1410936,초등학교
서울거원초등학교,37.4878179,127.14475790000002,초등학교
서울고덕초등학교,37.5610786,127.16637659999998,초등학교
서울고명초등학교,37.553032200000004,127.14681999999999,초등학교
서울고일초등학교,37.5520025,127.1690875,초등학교
서울길동초등학교,37.5383348,127.144282,초등학교
서울남천초등학교,37.5011739,127.15057150000001,초등학교
서울대명초등학교,37.5476037,127.1528696,초등학교
서울둔촌초등학교,37.5257926,127.1371774,초등학교
서울마천초등학교,37.4954974,127.1524746,초등학교
서울명덕초등학교,37.5568201,127.14605470000001,초등학교
서울명원초등학교,37.5508081,127.15039740000002,초등학교
서울명일초등학교,37.554188700000005,127.14216200000001,초등학교
서울묘곡초등학교,37.558454600000005,127.1531803,초등학교
서울문덕초등학교,37.4852891,127.12756329999999,초등학교
서울문정초등학교,37.4891859,127.128957,초등학교
서울문현초등학교,37.4827534,127.1302443,초등학교
서울방산초등학교,37.509645500000005,127.12111429999999,초등학교
서울방이초등학교,37.513091499999994,127.1205626,초등학교
서울버들초등학교,37.5103926,127.08902830000001,초등학교
서울삼전초등학교,37.5015071,127.09274520000001,초등학교
서울상일초등학교,37.54715170000001,127.1723531,초등학교
서울석촌초등학교,37.5027584,127.10487240000002,초등학교
서울선린초등학교,37.529447,127.14604890000001,초등학교
서울선사초등학교,37.555839899999995,127.1284369,초등학교
서울성내초등학교,37.5314221,127.1224451,초등학교
서울성일초등학교,37.529176299999996,127.12836029999998,초등학교
서울세륜초등학교,37.5183539,127.1341356,초등학교
서울송례초등학교,37.4777421,127.1383172,초등학교
서울송전초등학교,37.5084993,127.09497479999999,초등학교
서울송파초등학교,37.5070348,127.1107382,초등학교
서울신가초등학교,37.5003769,127.11985790000001,초등학교
서울신명초등학교,37.54121629999999,127.1497531,초등학교
서울신암초등학교,37.549484,127.12440020000001,초등학교
서울신천초등학교,37.51396,127.0950429,초등학교
서울아주초등학교,37.5052357,127.07577749999999,초등학교
서울영풍초등학교,37.4962643,127.1429912,초등학교
서울오금초등학교,37.509177799999996,127.13170339999999,초등학교
서울오륜초등학교,37.512099799999994,127.13437250000001,초등학교
서울위례초등학교,37.522015,127.139233,초등학교
서울잠동초등학교,37.5178922,127.10015290000001,초등학교
서울잠신초등학교,37.5141325,127.08791950000001,초등학교
서울잠실초등학교,37.5202095,127.11143009999999,초등학교
서울잠일초등학교,37.5060213,127.0872509,초등학교
서울잠전초등학교,37.5071595,127.0842277,초등학교
서울잠현초등학교,37.521351700000004,127.1026097,초등학교
서울중대초등학교,37.4994062,127.1135642,초등학교
서울천동초등학교,37.540509899999996,127.13758759999999,초등학교
서울천일초등학교,37.5441771,127.1333855,초등학교
서울천호초등학교,37.547357700000006,127.13645290000001,초등학교
서울토성초등학교,37.5316979,127.1155695,초등학교
서울녹천초등학교,37.628801200000005,127.06311310000001,초등학교
서울누원초등학교,37.68693040000001,127.04906940000001,초등학교
서울당현초등학교,37.6485979,127.058454,초등학교
서울덕암초등학교,37.666488799999996,127.08146780000001,초등학교
서울도봉초등학교,37.679378299999996,127.038218,초등학교
서울동일초등학교,37.6651664,127.05459509999999,초등학교
서울방학초등학교,37.6640285,127.0321675,초등학교
서울백운초등학교,37.6532035,127.0139875,초등학교
서울불암초등학교,37.6510667,127.0806469,초등학교
서울상경초등학교,37.67020840000001,127.05132090000001,초등학교
서울상계초등학교,37.65931150000001,127.06624209999998,초등학교
서울상곡초등학교,37.6627869,127.06251499999999,초등학교
서울상수초등학교,37.65158579999999,127.0647353,초등학교
서울상원초등학교,37.667187799999994,127.0598254,초등학교
서울상월초등학교,37.658608,127.05707,초등학교
서울상천초등학교,37.6462819,127.0581071,초등학교
서울선곡초등학교,37.6184174,127.0582095,초등학교
서울수락초등학교,37.6842872,127.05483429999998,초등학교
서울수암초등학교,37.647873700000005,127.08137179999999,초등학교
서울숭미초등학교,37.6508453,127.0279643,초등학교
서울신계초등학교,37.6301665,127.05298799999998,초등학교
서울신방학초등학교,37.6659578,127.0292294,초등학교
서울신상계초등학교,37.66747429999999,127.07579040000002,초등학교
서울신창초등학교,37.6361731,127.04219690000001,초등학교
서울신학초등학교,37.660990399999996,127.02551310000001,초등학교
서울신화초등학교,37.632669799999995,127.04085959999999,초등학교
서울쌍문초등학교,37.648636700000004,127.0243793,초등학교
서울평화초등학교,37.4914378,127.1228091,초등학교
서울풍납초등학교,37.53486029999999,127.1174625,초등학교
서울풍성초등학교,37.5261388,127.1137028,초등학교
서울한산초등학교,37.528397600000005,127.14136450000001,초등학교
서울가곡초등학교,37.55563239999999,126.83586340000001,초등학교
서울가양초등학교,37.5617187,126.85864369999999,초등학교
서울갈산초등학교,37.5118348,126.86997749999999,초등학교
서울강서초등학교,37.5223088,126.8409133,초등학교
서울강신초등학교,37.543023100000006,126.82938259999999,초등학교
서울강월초등학교,37.515959499999994,126.83416229999999,초등학교
서울개화초등학교,37.5736852,126.80466409999998,초등학교
서울경인초등학교,37.5328933,126.88633490000002,초등학교
서울계남초등학교,37.5097063,126.86020490000001,초등학교
서울공진초등학교,37.5654741,126.8504672,초등학교
서울공항초등학교,37.5623361,126.81882399999999,초등학교
서울남명초등학교,37.5153939,126.8538873,초등학교
서울내발산초등학교,37.551329700000004,126.83795759999998,초등학교
서울등마초등학교,37.5420258,126.86163379999999,초등학교
서울등명초등학교,37.5606951,126.8425361,초등학교
서울등서초등학교,37.551827200000005,126.8549196,초등학교
서울등양초등학교,37.56444929999999,126.8447882,초등학교
서울등원초등학교,37.560322799999994,126.8500834,초등학교
서울등촌초등학교,37.547495500000004,126.8577618,초등학교
서울등현초등학교,37.56136970000001,126.84803670000001,초등학교
서울목동초등학교,37.5224861,126.87215970000001,초등학교
서울목운초등학교,37.526732200000005,126.8729254,초등학교
서울목원초등학교,37.54272770000001,126.8824793,초등학교
서울발산초등학교,37.5503201,126.8310504,초등학교
서울방화초등학교,37.568698299999994,126.80637490000001,초등학교
서울백석초등학교,37.5534229,126.86219380000001,초등학교
서울삼정초등학교,37.5803891,126.81084709999999,초등학교
서울서정초등학교,37.523899,126.8671743,초등학교
서울송정초등학교,37.5627589,126.81103119999999,초등학교
서울송화초등학교,37.5682828,126.81746570000001,초등학교
서울수명초등학교,37.5525474,126.82360390000001,초등학교
서울신강초등학교,37.525787,126.841651,초등학교
서울신곡초등학교,37.5390734,126.8556963,초등학교
서울신기초등학교,37.511016399999995,126.85405149999998,초등학교
서울신남초등학교,37.5162714,126.844269,초등학교
서울신목초등학교,37.51692269999999,126.87268459999999,초등학교
서울신서초등학교,37.52059570000001,126.8625771,초등학교
서울신원초등학교,37.529527200000004,126.8299687,초등학교
서울신월초등학교,37.54010170000001,126.839099,초등학교
서울신은초등학교,37.5139921,126.83202560000001,초등학교
서울신정초등학교,37.5327032,126.85245590000001,초등학교
서울양강초등학교,37.5240784,126.84799950000001,초등학교
서울양동초등학교,37.526025800000006,126.85117120000001,초등학교
서울양명초등학교,37.516012100000005,126.85595009999999,초등학교
서울양목초등학교,37.523650200000006,126.86164040000001,초등학교
서울양원초등학교,37.5384029,126.82331809999998,초등학교
서울양천초등학교,37.5701684,126.8395913,초등학교
서울양화초등학교,37.5437143,126.8744087,초등학교
서울염강초등학교,37.5611652,126.8640098,초등학교
서울염경초등학교,37.5548065,126.8712574,초등학교
서울염동초등학교,37.5521222,126.872373,초등학교
서울염창초등학교,37.553083,126.86767490000001,초등학교
서울영도초등학교,37.53564779999999,126.8714808,초등학교
서울우장초등학교,37.5492011,126.8460773,초등학교
서울월정초등학교,37.5347268,126.83605949999999,초등학교
서울월촌초등학교,37.5402835,126.8764371,초등학교
서울은정초등학교,37.5112042,126.86734550000001,초등학교
서울장수초등학교,37.512878,126.8450848,초등학교
서울정곡초등학교,37.5769308,126.8189082,초등학교
서울정목초등학교,37.5370581,126.87032109999998,초등학교
서울지향초등학교,37.5127825,126.83718540000001,초등학교
서울치현초등학교,37.5755586,126.81462409999999,초등학교
서울탑산초등학교,37.5666739,126.85218959999999,초등학교
서울화곡초등학교,37.543229700000005,126.84606640000001,초등학교
서울화일초등학교,37.54036019999999,126.84746499999999,초등학교
유석초등학교,37.559889399999996,126.8534143,초등학교
서울교육대학교부설초등학교,37.4899286,127.01586529999999,초등학교
서울개원초등학교,37.4812767,127.05865700000001,초등학교
서울개일초등학교,37.4857406,127.05796399999998,초등학교
서울개포초등학교,37.486627399999996,127.0709874,초등학교
서울구룡초등학교,37.4807232,127.05186299999998,초등학교
서울논현초등학교,37.5081699,127.0260317,초등학교
서울대곡초등학교,37.4943322,127.0646926,초등학교
서울대도초등학교,37.4928283,127.05314840000001,초등학교
서울대모초등학교,37.48120670000001,127.086224,초등학교
서울대왕초등학교,37.464199799999996,127.10563190000002,초등학교
서울대진초등학교,37.497027200000005,127.07797649999999,초등학교
서울대청초등학교,37.4931172,127.08757460000001,초등학교
서울대치초등학교,37.49127070000001,127.0619647,초등학교
서울대현초등학교,37.5038985,127.06364350000001,초등학교
서울도곡초등학교,37.4993211,127.054928,초등학교
서울도성초등학교,37.5013049,127.04893259999999,초등학교
서울매헌초등학교,37.471067,127.04208500000001,초등학교
서울반원초등학교,37.51020820000001,127.00390230000001,초등학교
서울반포초등학교,37.502792,126.99106880000001,초등학교
서울방배초등학교,37.4871653,126.9874257,초등학교
서울방일초등학교,37.4853425,126.9982024,초등학교
서울방현초등학교,37.4763718,126.99017849999998,초등학교
서울봉은초등학교,37.520152100000004,127.06098109999999,초등학교
서울삼릉초등학교,37.5131023,127.0469142,초등학교
서울서래초등학교,37.4963529,126.9898009,초등학교
서울서원초등학교,37.5027958,127.01513770000001,초등학교
서울서이초등학교,37.4913032,127.0259307,초등학교
서울서일초등학교,37.485105600000004,127.0222041,초등학교
서울서초초등학교,37.499331,127.02422959999998,초등학교
서울세명초등학교,37.4687124,127.09091470000001,초등학교
서울수서초등학교,37.4909843,127.1015493,초등학교
서울신구초등학교,37.52336029999999,127.0240264,초등학교
서울신동초등학교,37.51677,127.0175304,초등학교
서울신중초등학교,37.4801745,127.0098006,초등학교
서울압구정초등학교,37.5316708,127.03116499999999,초등학교
서울양재초등학교,37.473765,127.0316178,초등학교
서울양전초등학교,37.4902924,127.06937749999999,초등학교
서울언남초등학교,37.46375379999999,127.05154830000001,초등학교
서울언북초등학교,37.5199257,127.0451,초등학교
서울언주초등학교,37.4862841,127.03678090000001,초등학교
서울역삼초등학교,37.492917999999996,127.03285430000001,초등학교
서울영희초등학교,37.492249900000004,127.08087590000001,초등학교
서울왕북초등학교,37.4864123,127.0860392,초등학교
서울우면초등학교,37.46457589999999,127.02374569999999,초등학교
서울우솔초등학교,37.457042799999996,127.01935859999999,초등학교
서울우암초등학교,37.4721905,127.0239065,초등학교
서울원명초등학교,37.500647,127.01656940000001,초등학교
서울원촌초등학교,37.5061857,127.01246119999999,초등학교
서울이수초등학교,37.4780457,126.9845547,초등학교
서울일원초등학교,37.489835299999996,127.07629070000002,초등학교
서울잠원초등학교,37.509677200000006,127.0195841,초등학교
서울청담초등학교,37.5279725,127.04527009999998,초등학교
서울포이초등학교,37.47600910000001,127.0528192,초등학교
서울학동초등학교,37.5125348,127.03970819999999,초등학교
계성초등학교,37.50465379999999,126.99683049999999,초등학교
서울강남초등학교,37.50607979999999,126.9535841,초등학교
서울관악초등학교,37.480600200000005,126.9433087,초등학교
서울구암초등학교,37.48945689999999,126.94689050000001,초등학교
서울난곡초등학교,37.4692357,126.91665309999999,초등학교
서울난우초등학교,37.476937899999996,126.9178433,초등학교
서울난향초등학교,37.4624143,126.9180741,초등학교
서울남부초등학교,37.48504129999999,126.9221169,초등학교
서울남사초등학교,37.4822359,126.9785565,초등학교
서울남성초등학교,37.4844848,126.9758314,초등학교
서울노량진초등학교,37.5113579,126.94092909999999,초등학교
서울당곡초등학교,37.490094799999994,126.9298977,초등학교
서울대림초등학교,37.5005994,126.9253563,초등학교
서울동작초등학교,37.4942206,126.97707920000002,초등학교
서울문창초등학교,37.489026700000004,126.9137666,초등학교
서울미성초등학교,37.477976299999995,126.91268059999999,초등학교
서울보라매초등학교,37.495795799999996,126.9160739,초등학교
서울본동초등학교,37.5100908,126.95373629999999,초등학교
서울봉천초등학교,37.48318829999999,126.9582294,초등학교
서울봉현초등학교,37.4910197,126.95561709999998,초등학교
서울사당초등학교,37.4735357,126.97372320000001,초등학교
서울삼성초등학교,37.467816299999996,126.94097620000001,초등학교
서울삼일초등학교,37.4882193,126.975172,초등학교
서울상도초등학교,37.4997141,126.93735579999999,초등학교
서울상현초등학교,37.494985299999996,126.9527374,초등학교
서울신길초등학교,37.51025620000001,126.9265808,초등학교
서울신남성초등학교,37.4886163,126.96510729999999,초등학교
서울신림초등학교,37.4771503,126.92729990000001,초등학교
서울신봉초등학교,37.485474700000005,126.9492175,초등학교
서울신상도초등학교,37.5004006,126.94408090000002,초등학교
서울신성초등학교,37.4714068,126.937004,초등학교
서울신우초등학교,37.462621500000004,126.93233529999999,초등학교
서울영본초등학교,37.5105474,126.94853470000001,초등학교
서울영화초등학교,37.508332200000005,126.9337092,초등학교
서울원당초등학교,37.4811753,126.9560764,초등학교
서울원신초등학교,37.467048,126.92742390000001,초등학교
서울은로초등학교,37.50319460000001,126.96021470000001,초등학교
서울은천초등학교,37.486859100000004,126.94290330000001,초등학교
서울인헌초등학교,37.4765414,126.9600821,초등학교
서울조원초등학교,37.484106,126.9094507,초등학교
서울청룡초등학교,37.4756972,126.95121770000002,초등학교
서울행림초등학교,37.4823386,126.96529790000001,초등학교
서울흑석초등학교,37.5084802,126.96503670000001,초등학교
중앙대학교사범대학부속초등학교,37.505334000000005,126.960245,초등학교
서울경동초등학교,37.54367939999999,127.0502832,초등학교
서울경수초등학교,37.53978130000001,127.0583587,초등학교
서울경일초등학교,37.5403883,127.0468669,초등학교
서울광남초등학교,37.5408747,127.1009679,초등학교
서울광장초등학교,37.548446000000006,127.10094040000001,초등학교
서울광진초등학교,37.5475128,127.0913267,초등학교
서울구남초등학교,37.5369552,127.09225819999999,초등학교
서울구의초등학교,37.5429916,127.080349,초등학교
서울금북초등학교,37.55743270000001,127.0235075,초등학교
서울금옥초등학교,37.546060100000005,127.01748500000001,초등학교
서울금호초등학교,37.552203600000006,127.02032759999999,초등학교
서울동명초등학교,37.5678711,127.0352332,초등학교
서울동의초등학교,37.553363899999994,127.09880109999999,초등학교
서울동자초등학교,37.53466950000001,127.072115,초등학교
서울동호초등학교,37.547354,127.0105807,초등학교
서울마장초등학교,37.5678414,127.04251880000001,초등학교
서울무학초등학교,37.5632029,127.029532,초등학교
서울사근초등학교,37.562893200000005,127.04781740000001,초등학교
서울성수초등학교,37.544058,127.06315729999999,초등학교
서울성자초등학교,37.531376200000004,127.08330600000001,초등학교
서울송원초등학교,37.5542158,127.06946880000001,초등학교
서울신양초등학교,37.5344735,127.06954109999998,초등학교
서울신자초등학교,37.530094,127.0754494,초등학교
서울양남초등학교,37.53079260000001,127.08963100000001,초등학교
서울양진초등학교,37.544333200000004,127.0984162,초등학교
서울옥수초등학교,37.546121,127.02196599999999,초등학교
서울옥정초등학교,37.5418092,127.01567479999999,초등학교
서울용곡초등학교,37.5667073,127.08880359999999,초등학교
서울용답초등학교,37.560776700000005,127.0535444,초등학교
서울용마초등학교,37.558057399999996,127.08428310000001,초등학교
서울응봉초등학교,37.550431700000004,127.0337209,초등학교
서울자양초등학교,37.5369104,127.07948390000001,초등학교
서울장안초등학교,37.550125200000004,127.07235120000001,초등학교
서울중광초등학교,37.5651202,127.08235390000002,초등학교
서울중마초등학교,37.5658572,127.07958059999999,초등학교
서울행당초등학교,37.556443200000004,127.0346845,초등학교
서울행현초등학교,37.557566400000006,127.0293584,초등학교
서울화양초등학교,37.548998600000004,127.0700068,초등학교
경복초등학교,37.5502546,127.0875655,초등학교
성동초등학교,37.5328187,127.0895152,초등학교
세종초등학교,37.551798600000005,127.0736331,초등학교
한양초등학교,37.557537200000006,127.0503794,초등학교
서울개운초등학교,37.60167620000001,127.0275455,초등학교
서울길원초등학교,37.608901200000005,127.01673590000001,초등학교
서울길음초등학교,37.613887299999995,127.01702820000001,초등학교
서울돈암초등학교,37.5934823,127.0131251,초등학교
서울동신초등학교,37.5828688,127.01687920000002,초등학교
서울미아초등학교,37.6105965,127.0217587,초등학교
서울미양초등학교,37.6214401,127.0134047,초등학교
서울번동초등학교,37.628861799999996,127.04048600000002,초등학교
서울삼각산초등학교,37.6161958,127.0146577,초등학교
서울삼선초등학교,37.5861798,127.01251950000001,초등학교
서울삼양초등학교,37.6236198,127.01633590000002,초등학교
서울석계초등학교,37.60879570000001,127.0697429,초등학교
서울석관초등학교,37.610698,127.059044,초등학교
서울성북초등학교,37.59383820000001,126.99836450000001,초등학교
서울송중초등학교,37.620662700000004,127.0330493,초등학교
서울송천초등학교,37.615799100000004,127.0234085,초등학교
서울수송초등학교,37.6368875,127.03323119999999,초등학교
서울수유초등학교,37.630579600000004,127.0203479,초등학교
서울숭곡초등학교,37.6084672,127.03279609999998,초등학교
서울숭덕초등학교,37.6039265,127.013379,초등학교
서울숭례초등학교,37.594671399999996,127.0351047,초등학교
서울숭인초등학교,37.6086811,127.0383578,초등학교
서울안암초등학교,37.58715189999999,127.022577,초등학교
서울오현초등학교,37.6233407,127.0466629,초등학교
서울우이초등학교,37.6382919,127.01490179999999,초등학교
서울월곡초등학교,37.6098764,127.04641799999999,초등학교
서울유현초등학교,37.631794,127.01191850000001,초등학교
서울인수초등학교,37.642871299999996,127.0095645,초등학교
서울일신초등학교,37.598358000000005,127.0403502,초등학교
서울장곡초등학교,37.61670240000001,127.0479449,초등학교
서울장월초등학교,37.62164,127.0471649,초등학교
서울장위초등학교,37.6118041,127.04992379999999,초등학교
서울정덕초등학교,37.5979453,127.0133571,초등학교
서울정릉초등학교,37.6194177,127.0054098,초등학교
서울정수초등학교,37.60383579999999,127.0076054,초등학교
서울청덕초등학교,37.61204229999999,127.0003392,초등학교
서울화계초등학교,37.6237383,127.02900729999999,초등학교
광운초등학교,37.61858369999999,127.054774,초등학교
대광초등학교,37.5812396,127.023296,초등학교
매원초등학교,37.59750510000001,127.01990159999998,초등학교
성신초등학교,37.5927408,127.02243940000001,초등학교
영훈초등학교,37.613765,127.02783319999999,초등학교
우촌초등학교,37.595656899999994,127.01176799999999,초등학교
양화중학교,37.519772700000004,126.89605379999999,중학교
여의도중학교,37.523948100000005,126.9357145,중학교
영남중학교,37.497623700000005,126.8958925,중학교
영림중학교,37.4975539,126.8903736,중학교
영서중학교,37.4889679,126.89421979999999,중학교
영원중학교,37.5150593,126.913731,중학교
오남중학교,37.487144799999996,126.83594109999999,중학교
오류중학교,37.50789570000001,126.84613429999999,중학교
윤중중학교,37.5189929,126.9237317,중학교
천왕중학교,37.4825891,126.83756609999999,중학교
한울중학교,37.4788455,126.90688600000001,중학교
동일중학교,37.451389899999995,126.916402,중학교
문일중학교,37.450128799999995,126.898866,중학교
우신중학교,37.4951383,126.82687649999998,중학교
공릉중학교,37.6222083,127.0837653,중학교
노곡중학교,37.64859089999999,127.05356100000002,중학교
노원중학교,37.6491471,127.05945790000001,중학교
노일중학교,37.6725826,127.05390249999999,중학교
녹천중학교,37.631310799999994,127.0620087,중학교
도봉중학교,37.67072840000001,127.0459742,중학교
방학중학교,37.665335799999994,127.0316064,중학교
백운중학교,37.6563724,127.0358991,중학교
북서울중학교,37.6813005,127.04302390000001,중학교
불암중학교,37.6459258,127.0735521,중학교
상경중학교,37.6670457,127.0533357,중학교
상계제일중학교,37.661342,127.0777604,중학교
상계중학교,37.652646600000004,127.068872,중학교
상원중학교,37.6715412,127.05955619999999,중학교
수락중학교,37.68293389999999,127.0548565,중학교
신도봉중학교,37.6492547,127.0331989,중학교
신방학중학교,37.663644500000004,127.02951680000001,중학교
신상중학교,37.6516104,127.06362220000001,중학교
동대문중학교,37.5742981,127.05190390000001,중학교
동원중학교,37.6037348,127.1088882,중학교
면목중학교,37.583037700000006,127.09606129999999,중학교
봉화중학교,37.59608660000001,127.10421770000002,중학교
상봉중학교,37.6014604,127.09008770000001,중학교
성일중학교,37.581283899999995,127.0340095,중학교
숭인중학교,37.573764700000005,127.0438537,중학교
신현중학교,37.6046114,127.0916088,중학교
용마중학교,37.574351799999995,127.08601609999998,중학교
원묵중학교,37.6177945,127.0840347,중학교
장안중학교,37.6005832,127.0809446,중학교
장평중학교,37.5666476,127.07062720000002,중학교
전농중학교,37.5803315,127.06012959999998,중학교
전동중학교,37.58556189999999,127.07095990000002,중학교
전일중학교,37.581978899999996,127.0583551,중학교
중랑중학교,37.6051919,127.0813987,중학교
중화중학교,37.5846058,127.0952713,중학교
청량중학교,37.5878065,127.05112450000001,중학교
태릉중학교,37.6123214,127.08308020000001,중학교
휘경중학교,37.58714129999999,127.0620254,중학교
경희여자중학교,37.5953632,127.05276119999999,중학교
대광중학교,37.5784791,127.0248228,중학교
동국대학교사범대학부속중학교,37.5777907,127.0752098,중학교
송곡여자중학교,37.6063172,127.1053091,중학교
영란여자중학교,37.6037439,127.1049617,중학교
정화여자중학교,37.5857448,127.0408473,중학교
혜원여자중학교,37.592991,127.09670190000001,중학교
휘경여자중학교,37.5831849,127.0673783,중학교
가재울중학교,37.5726526,126.9093869,중학교
구산중학교,37.611270000000005,126.909054,중학교
덕산중학교,37.60212610000001,126.90447990000001,중학교
불광중학교,37.623019299999996,126.932123,중학교
상신중학교,37.5898474,126.906663,중학교
상암중학교,37.5788468,126.8878697,중학교
서연중학교,37.5681152,126.9276607,중학교
서울여자중학교,37.5478121,126.94858190000001,중학교
성사중학교,37.5682832,126.91331159999999,중학교
성산중학교,37.54745399999999,126.91606189999999,중학교
성서중학교,37.562637200000005,126.9085186,중학교
신도중학교,37.6329425,126.9306945,중학교
신수중학교,37.546446,126.9336034,중학교
신연중학교,37.58245489999999,126.9394981,중학교
아현중학교,37.5564588,126.9569602,중학교
연북중학교,37.577216799999995,126.93856029999999,중학교
연서중학교,37.5869994,126.9097051,중학교
연신중학교,37.6234911,126.9247507,중학교
연천중학교,37.627442200000004,126.9258482,중학교
연희중학교,37.5794106,126.9187767,중학교
은평중학교,37.6107316,126.9084436,중학교
인왕중학교,37.59264879999999,126.95177079999999,중학교
중암중학교,37.5723226,126.90338729999999,중학교
증산중학교,37.5833357,126.90395259999998,중학교
진관중학교,37.643857700000005,126.92561129999999,중학교
창천중학교,37.554854600000006,126.93932009999999,중학교
홍은중학교,37.592685499999995,126.93513270000001,중학교
경성중학교,37.563108500000006,126.91938929999999,중학교
광성중학교,37.5486226,126.93636869999999,중학교
대성중학교,37.6222852,126.9095922,중학교
동도중학교,37.546329899999996,126.9473737,중학교
동명여자중학교,37.568545,126.96234399999999,중학교
명지중학교,37.584652899999995,126.9268047,중학교
선일여자중학교,37.6197497,126.9126173,중학교
신창중학교,37.6283557,127.0474202,중학교
온곡중학교,37.6602624,127.0644701,중학교
월계중학교,37.6305995,127.0523673,중학교
을지중학교,37.6495848,127.071707,중학교
중계중학교,37.6550962,127.07547350000002,중학교
중원중학교,37.6441977,127.0680699,중학교
중평중학교,37.6369404,127.062228,중학교
창동중학교,37.6629833,127.04978870000001,중학교
창북중학교,37.649470799999996,127.03857659999998,중학교
창일중학교,37.6488018,127.0465188,중학교
태랑중학교,37.626446200000004,127.09162340000002,중학교
하계중학교,37.641086200000004,127.07193410000001,중학교
한천중학교,37.63118920000001,127.07215459999999,중학교
효문중학교,37.6520737,127.0183236,중학교
광운중학교,37.6208454,127.0561467,중학교
상명중학교,37.6494211,127.06820060000001,중학교
선덕중학교,37.655351,127.02682890000001,중학교
염광중학교,37.62958270000001,127.04918090000001,중학교
재현중학교,37.661547399999996,127.0814504,중학교
정의여자중학교,37.6529105,127.03180630000001,중학교
청원중학교,37.6666244,127.0616772,중학교
서울대학교사범대학부설여자중학교,37.5770935,127.00380220000001,중학교
금호여자중학교,37.561489,127.01527220000001,중학교
덕수중학교,37.56532670000001,126.99729640000001,중학교
선린중학교,37.54271689999999,126.9663628,중학교
용강중학교,37.5211849,126.9758922,중학교
용산중학교,37.5463224,126.9810267,중학교
장원중학교,37.553768299999994,127.0063639,중학교
창덕여자중학교,37.566469399999995,126.96958219999999,중학교
청운중학교,37.5896155,126.970349,중학교
한강중학교,37.523952,126.99234540000002,중학교
경신중학교,37.591450200000004,127.0006702,중학교
선정중학교,37.618336,126.90871070000001,중학교
숭문중학교,37.5515272,126.9451307,중학교
숭실중학교,37.593125,126.9032327,중학교
영락중학교,37.5967183,126.92487790000001,중학교
예일여자중학교,37.6101791,126.91516229999999,중학교
이화여자대학교사범대학부속이화?금란중학교,37.5645969,126.9460935,중학교
인창중학교,37.565178100000004,126.96390749999999,중학교
정원여자중학교,37.585010100000005,126.9332912,중학교
중앙여자중학교,37.5628641,126.95316840000001,중학교
충암중학교,37.58504569999999,126.9217386,중학교
한성중학교,37.55970689999999,126.954598,중학교
홍익대학교사범대학부속여자중학교,37.560199299999994,126.91265109999999,중학교
가산중학교,37.4685225,126.8943311,중학교
개봉중학교,37.5029403,126.84221370000002,중학교
개웅중학교,37.4872782,126.85121840000001,중학교
경인중학교,37.4982046,126.8542405,중학교
고척중학교,37.5002646,126.86199779999998,중학교
구로중학교,37.4946496,126.89091529999999,중학교
구일중학교,37.4950996,126.87372179999998,중학교
난곡중학교,37.4778025,126.9107419,중학교
당산서중학교,37.5322632,126.8985048,중학교
당산중학교,37.5314041,126.9075733,중학교
대림중학교,37.492050299999995,126.90776559999999,중학교
대영중학교,37.50333699999999,126.9049773,중학교
문래중학교,37.5202114,126.88444299999999,중학교
문성중학교,37.475418299999994,126.9079037,중학교
선유중학교,37.5328692,126.8942213,중학교
세일중학교,37.4746253,126.89548590000001,중학교
시흥중학교,37.4460493,126.90514840000002,중학교
신도림중학교,37.5108953,126.88536440000001,중학교
안천중학교,37.459360600000004,126.8874105,중학교
문현중학교,37.4805468,127.12793390000002,중학교
방산중학교,37.509151300000006,127.1219039,중학교
방이중학교,37.5149532,127.113231,중학교
서울체육중학교,37.5216734,127.130579,중학교
석촌중학교,37.501161200000006,127.1212477,중학교
성내중학교,37.529222,127.12966090000002,중학교
세륜중학교,37.5085227,127.1312179,중학교
송례중학교,37.4777414,127.13962269999999,중학교
송파중학교,37.496011700000004,127.12977169999999,중학교
신명중학교,37.54121629999999,127.1497531,중학교
신암중학교,37.555955,127.1330624,중학교
신천중학교,37.5075289,127.08164280000001,중학교
아주중학교,37.5052357,127.07577749999999,중학교
오금중학교,37.505001799999995,127.12821729999999,중학교
오륜중학교,37.5161458,127.1388726,중학교
오주중학교,37.50166,127.136224,중학교
잠신중학교,37.515739399999994,127.0877838,중학교
잠실중학교,37.5172097,127.09937579999999,중학교
천일중학교,37.54589319999999,127.12759080000001,중학교
천호중학교,37.546644799999996,127.1392699,중학교
풍납중학교,37.5255375,127.1159443,중학교
풍성중학교,37.5255948,127.1127759,중학교
한산중학교,37.528712299999995,127.14028950000001,중학교
동북중학교,37.5200101,127.1406733,중학교
동신중학교,37.536407000000004,127.13432409999999,중학교
배명중학교,37.50136639999999,127.09580700000001,중학교
배재중학교,37.55581230000001,127.1504916,중학교
보성중학교,37.519502200000005,127.1351642,중학교
보인중학교,37.497265999999996,127.1388757,중학교
상일여자중학교,37.5489526,127.1701365,중학교
성덕여자중학교,37.5495007,127.1425564,중학교
영파여자중학교,37.5326565,127.1202571,중학교
일신여자중학교,37.5017159,127.11359909999999,중학교
정신여자중학교,37.5092902,127.07270990000002,중학교
한영중학교,37.5489092,127.1581466,중학교
강신중학교,37.515078700000004,126.83887140000002,중학교
경서중학교,37.561149900000004,126.85806389999999,중학교
공진중학교,37.566476200000004,126.851037,중학교
공항중학교,37.562459600000004,126.8153201,중학교
금옥중학교,37.510310100000005,126.8441801,중학교
등명중학교,37.5601467,126.84330520000002,중학교
등원중학교,37.5597222,126.851607,중학교
목동중학교,37.5206085,126.87170159999998,중학교
목운중학교,37.526990399999995,126.87301059999999,중학교
목일중학교,37.51337480000001,126.87376280000001,중학교
방원중학교,37.5756696,126.8087358,중학교
방화중학교,37.565107399999995,126.80687820000001,중학교
백석중학교,37.548351700000005,126.85880800000001,중학교
삼정중학교,37.581086,126.8108847,중학교
성재중학교,37.5692295,126.8452929,중학교
송정중학교,37.5537235,126.81507590000001,중학교
수명중학교,37.548646500000004,126.82366299999998,중학교
신남중학교,37.520554,126.8478625,중학교
신목중학교,37.536860600000004,126.87285520000002,중학교
신서중학교,37.516012100000005,126.85595009999999,중학교
신원중학교,37.53679879999999,126.82383440000001,중학교
신월중학교,37.5406094,126.8285666,중학교
신화중학교,37.540605,126.83002749999999,중학교
양강중학교,37.5246363,126.849861,중학교
양동중학교,37.5479348,126.8691419,중학교
양서중학교,37.5322157,126.82914029999999,중학교
양천중학교,37.519509899999996,126.83073710000001,중학교
염경중학교,37.5540683,126.8707547,중학교
염창중학교,37.5539218,126.8717382,중학교
월촌중학교,37.537561700000005,126.882725,중학교
화원중학교,37.5363887,126.84251370000001,중학교
덕원중학교,37.5485816,126.8290111,중학교
등촌중학교,37.552640999999994,126.85940579999999,중학교
마포중학교,37.559889399999996,126.8534143,중학교
명덕여자중학교,37.55360110000001,126.83473049999999,중학교
봉영여자중학교,37.50907279999999,126.8607466,중학교
신정여자중학교,37.5379249,126.85741429999999,중학교
양정중학교,37.5353643,126.88689609999999,중학교
영도중학교,37.5364895,126.86636609999998,중학교
화곡중학교,37.5488204,126.8328267,중학교
개원중학교,37.4916369,127.07174429999999,중학교
개포중학교,37.48066420000001,127.0617435,중학교
경원중학교,37.5107518,127.0089613,중학교
구룡중학교,37.506812200000006,127.0450634,중학교
대명중학교,37.5063402,127.06089740000002,중학교
대왕중학교,37.48343800000001,127.0873271,중학교
대청중학교,37.4905203,127.0583895,중학교
대치중학교,37.4845654,127.0472825,중학교
도곡중학교,37.4923472,127.0450882,중학교
반포중학교,37.5030706,126.9918514,중학교
방배중학교,37.4944786,126.99825449999999,중학교
봉은중학교,37.5189411,127.0621196,중학교
서운중학교,37.493992999999996,127.0247491,중학교
서일중학교,37.4990561,127.02213870000001,중학교
서초중학교,37.485412200000006,127.00870819999999,중학교
세곡중학교,37.4715425,127.09220069999999,중학교
수서중학교,37.491065500000005,127.1023885,중학교
신구중학교,37.5273302,127.03222120000001,중학교
신동중학교,37.516486,127.0132453,중학교
신반포중학교,37.5059523,126.99583059999999,중학교
신사중학교,37.524707899999996,127.02115,중학교
압구정중학교,37.530210499999995,127.032959,중학교
언남중학교,37.4724059,127.04441159999999,중학교
언북중학교,37.51927999999999,127.033073,중학교
언주중학교,37.514595299999996,127.0466588,중학교
역삼중학교,37.4956709,127.0490787,중학교
영동중학교,37.4657576,127.0253527,중학교
원촌중학교,37.506062,127.0139388,중학교
이수중학교,37.480957399999994,126.99030220000002,중학교
청담중학교,37.5285802,127.04543319999999,중학교
단국대학교사범대학부속중학교,37.4953357,127.0564936,중학교
동덕여자중학교,37.4759144,126.9927567,중학교
서문여자중학교,37.488574299999996,126.985083,중학교
세화여자중학교,37.5018559,126.9922636,중학교
숙명여자중학교,37.4907295,127.0533366,중학교
은성중학교,37.4879414,127.03592520000001,중학교
중동중학교,37.4885961,127.0781923,중학교
진선여자중학교,37.501754,127.04763870000001,중학교
휘문중학교,37.504951,127.0620662,중학교
강남중학교,37.5018245,126.9225543,중학교
강현중학교,37.5032309,126.9314655,중학교
관악중학교,37.4808692,126.9618278,중학교
구암중학교,37.4925845,126.9485751,중학교
국사봉중학교,37.493573600000005,126.94410459999999,중학교
난우중학교,37.466680700000005,126.9228102,중학교
남서울중학교,37.48189989999999,126.92157749999998,중학교
남성중학교,37.47898920000001,126.9724003,중학교
당곡중학교,37.492096999999994,126.93316000000002,중학교
대방중학교,37.495293200000006,126.91373349999999,중학교
동작중학교,37.4949969,126.9772383,중학교
문창중학교,37.49585039999999,126.92164509999999,중학교
미성중학교,37.4754058,126.9122182,중학교
봉림중학교,37.4806354,126.93815749999999,중학교
봉원중학교,37.4841279,126.958696,중학교
사당중학교,37.487614799999996,126.96886950000001,중학교
삼성중학교,37.4673643,126.94282520000002,중학교
상도중학교,37.4908204,126.961525,중학교
상현중학교,37.4939484,126.9603553,중학교
신관중학교,37.479929,126.9344578,중학교
신림중학교,37.470538399999995,126.9453094,중학교
영등포중학교,37.50830029999999,126.93370120000002,중학교
인헌중학교,37.4729052,126.96958719999999,중학교
장승중학교,37.503358399999996,126.940722,중학교
광신중학교,37.46513770000001,126.9256312,중학교
남강중학교,37.4719974,126.92474729999999,중학교
동양중학교,37.5101255,126.9562366,중학교
서울문영여자중학교,37.473885900000006,126.95139350000001,중학교
성남중학교,37.505301,126.92653870000001,중학교
성보중학교,37.4801177,126.92079469999999,중학교
숭의여자중학교,37.5073276,126.9292344,중학교
중앙대학교사범대학부속중학교,37.5040801,126.96152,중학교
경수중학교,37.53978130000001,127.0583587,중학교
경일중학교,37.5435667,127.04835220000001,중학교
광남중학교,37.5404965,127.1013527,중학교
광양중학교,37.5301088,127.08603020000001,중학교
광장중학교,37.547095,127.101708,중학교
광진중학교,37.532252899999996,127.0899425,중학교
광희중학교,37.550431700000004,127.0337209,중학교
구의중학교,37.542871000000005,127.0788098,중학교
동마중학교,37.56265570000001,127.04030120000002,중학교
마장중학교,37.5682297,127.04220500000001,중학교
무학중학교,37.557981299999994,127.03277,중학교
성수중학교,37.547981,127.0387013,중학교
성원중학교,37.5393617,127.05130990000002,중학교
신양중학교,37.533401500000004,127.0632122,중학교
양진중학교,37.5444966,127.09832730000001,중학교
옥정중학교,37.5414774,127.01251189999999,중학교
용곡중학교,37.5659416,127.08894879999998,중학교
자양중학교,37.5352975,127.0745207,중학교
행당중학교,37.554424100000006,127.041886,중학교
건국대학교사범대학부속중학교,37.5419717,127.07672849999999,중학교
대원국제중학교,37.563759399999995,127.08945870000001,중학교
동국대학교사범대학부속여자중학교,37.5425112,127.0867784,중학교
한양대학교사범대학부속중학교,37.5624663,127.0467249,중학교
서울대학교사범대학부설중학교,37.594179600000004,127.038549,중학교
강북중학교,37.6449188,127.02594409999999,중학교
개운중학교,37.5944775,127.0248807,중학교
길음중학교,37.613887299999995,127.01702820000001,중학교
미양중학교,37.6232973,127.01224280000001,중학교
번동중학교,37.632572100000004,127.03627009999998,중학교
북악중학교,37.6067612,127.00170220000001,중학교
삼각산중학교,37.6161958,127.0146577,중학교
삼선중학교,37.591145399999995,127.00790420000001,중학교
석관중학교,37.6081903,127.0664388,중학교
수송중학교,37.636472499999996,127.0339379,중학교
수유중학교,37.63133699999999,127.0109264,중학교
숭곡중학교,37.6084237,127.03133909999998,중학교
월곡중학교,37.6092436,127.04832040000001,중학교
인수중학교,37.6438503,127.0099435,중학교
장위중학교,37.61138820000001,127.04150449999999,중학교
종암중학교,37.5929734,127.0317443,중학교
화계중학교,37.6326445,127.00730659999999,중학교
고려대학교사범대학부속중학교,37.610197,127.0012182,중학교
고명중학교,37.597564500000004,127.0198436,중학교
남대문중학교,37.6186278,127.05578729999999,중학교
동구여자중학교,37.5935994,127.0071027,중학교
서라벌중학교,37.656868700000004,127.0111715,중학교
성신여자중학교,37.5927408,127.02243940000001,중학교
성암여자중학교,37.6207354,127.02444840000001,중학교
신일중학교,37.628282399999996,127.02826609999998,중학교
영훈국제중학교,37.613765,127.02783319999999,중학교
용문중학교,37.588128399999995,127.0250507,중학교
창문여자중학교,37.6130369,127.03686210000001,중학교
한성여자중학교,37.582758399999996,127.01066940000001,중학교
홍익대학교사범대학부속중학교,37.594921,127.0033,중학교
대경중학교,37.55636459999999,127.01707240000002,중학교
대신중학교,37.576876,126.9668497,중학교
덕성여자중학교,37.5779448,126.9817133,중학교
동성중학교,37.585052399999995,127.00242920000001,중학교
배문중학교,37.549685499999995,126.96419329999999,중학교
배화여자중학교,37.579389500000005,126.96538159999999,중학교
보성여자중학교,37.5426751,126.984496,중학교
상명대학교사범대학부속여자중학교,37.6027418,126.9540384,중학교
성심여자중학교,37.534593799999996,126.95444499999999,중학교
신광여자중학교,37.5431703,126.9699957,중학교
오산중학교,37.524645,127.0000902,중학교
장충중학교,37.55314570000001,127.0065905,중학교
중앙중학교,37.584897,126.9870352,중학교
한양중학교,37.56536989999999,127.01181629999999,중학교
환일중학교,37.5538606,126.96193740000001,중학교
가락중학교,37.502632399999996,127.1186676,중학교
가원중학교,37.490634,127.1230469,중학교
강동중학교,37.5694325,127.17785500000001,중학교
강명중학교,37.5506038,127.1718747,중학교
강일중학교,37.555152500000005,127.13827909999999,중학교
거원중학교,37.48748930000001,127.1465347,중학교
고덕중학교,37.56013069999999,127.1610289,중학교
둔촌중학교,37.5304436,127.145921,중학교
명일중학교,37.557063,127.1477463,중학교
문정중학교,37.4885685,127.1299473,중학교
국악고등학교,37.475978000000005,127.05161319999999,고등학교
서울대학교사범대학부설고등학교,37.5927271,127.0378518,고등학교
전통예술고등학교,37.4463538,126.9064243,고등학교
가락고등학교,37.50119229999999,127.11659109999998,고등학교
가재울고등학교,37.574226,126.90956509999998,고등학교
강일고등학교,37.563954200000005,127.1777318,고등학교
개포고등학교,37.4846776,127.05960139999999,고등학교
경기고등학교,37.51612650000001,127.05525,고등학교
경기여자고등학교,37.486824,127.06609329999999,고등학교
경동고등학교,37.586143,127.0149147,고등학교
경복고등학교,37.5871648,126.9714148,고등학교
경인고등학교,37.4964627,126.86570149999999,고등학교
경일고등학교,37.5438361,127.04752090000001,고등학교
고척고등학교,37.508575799999996,126.85065039999999,고등학교
공항고등학교,37.568698299999994,126.80637490000001,고등학교
관악고등학교,37.5214974,126.882934,고등학교
광남고등학교,37.5413179,127.10187479999999,고등학교
광양고등학교,37.5293846,127.08559890000001,고등학교
구로고등학교,37.498498100000006,126.88969240000002,고등학교
구암고등학교,37.491848,126.948524,고등학교
구일고등학교,37.494110600000006,126.873852,고등학교
구현고등학교,37.5022703,126.8744126,고등학교
금옥여자고등학교,37.5106219,126.8442611,고등학교
금천고등학교,37.444959000000004,126.90553270000001,고등학교
노원고등학교,37.6621121,127.05325079999999,고등학교
누원고등학교,37.68551420000001,127.0498868,고등학교
당곡고등학교,37.4929973,126.9289254,고등학교
대영고등학교,37.50338920000001,126.90564609999998,고등학교
도봉고등학교,37.686770700000004,127.0428051,고등학교
독산고등학교,37.476026700000006,126.91085359999998,고등학교
동작고등학교,37.4823386,126.96529790000001,고등학교
둔촌고등학교,37.530868,127.14393170000001,고등학교
등촌고등학교,37.5625935,126.84501609999998,고등학교
면목고등학교,37.5842779,127.09716270000001,고등학교
명일여자고등학교,37.549855,127.1500544,고등학교
무학여자고등학교,37.557398,127.03352,고등학교
문정고등학교,37.4847089,127.1267288,고등학교
문현고등학교,37.4812764,127.1287497,고등학교
미양고등학교,37.6232973,127.01224280000001,고등학교
반포고등학교,37.5022177,127.016153,고등학교
방산고등학교,37.508227000000005,127.1204817,고등학교
불암고등학교,37.648924,127.08017920000002,고등학교
삼각산고등학교,37.6160082,127.02005630000001,고등학교
삼성고등학교,37.4767039,126.93484280000001,고등학교
상계고등학교,37.652532799999996,127.05568229999999,고등학교
상암고등학교,37.5813449,126.8836186,고등학교
서울고등학교,37.484269700000006,127.005399,고등학교
서울과학고등학교,37.59167539999999,126.99821340000001,고등학교
서울국제고등학교,37.59134,126.9959635,고등학교
서울여자고등학교,37.5478121,126.94858190000001,고등학교
서울체육고등학교,37.5216734,127.130579,고등학교
서초고등학교,37.489355100000004,127.00570590000001,고등학교
석관고등학교,37.610067,127.0664232,고등학교
선사고등학교,37.556479100000004,127.1359719,고등학교
선유고등학교,37.5334079,126.894824,고등학교
성동고등학교,37.5641365,127.02320379999999,고등학교
성수고등학교,37.547981,127.0387013,고등학교
세종과학고등학교,37.496807200000006,126.8276182,고등학교
세현고등학교,37.560416100000005,126.8637196,고등학교
수도여자고등학교,37.4931834,126.9155463,고등학교
수락고등학교,37.682733500000005,127.05355929999999,고등학교
수명고등학교,37.549701299999995,126.82426880000001,고등학교
신도고등학교,37.6291368,126.9184283,고등학교
신도림고등학교,37.51366779999999,126.8820338,고등학교
신림고등학교,37.4786338,126.91736429999999,고등학교
신목고등학교,37.5128286,126.8734611,고등학교
신서고등학교,37.5237867,126.86009299999999,고등학교
신현고등학교,37.605228100000005,127.0929502,고등학교
압구정고등학교,37.531151,127.03268700000001,고등학교
양재고등학교,37.482774600000006,127.03249209999998,고등학교
언남고등학교,37.47258679999999,127.042718,고등학교
여의도고등학교,37.5249,126.933669,고등학교
여의도여자고등학교,37.52296219999999,126.9349887,고등학교
영등포고등학교,37.508332200000005,126.9337092,고등학교
영등포여자고등학교,37.51537709999999,126.9152716,고등학교
영신고등학교,37.4975375,126.9095203,고등학교
오금고등학교,37.504487,127.1292797,고등학교
용산고등학교,37.549307,126.9831061,고등학교
원묵고등학교,37.615419700000004,127.08612430000001,고등학교
월계고등학교,37.631739399999994,127.0486867,고등학교
은평고등학교,37.609222700000004,126.90584820000001,고등학교
인헌고등학교,37.4715662,126.9702013,고등학교
자양고등학교,37.535433000000005,127.0728365,고등학교
자운고등학교,37.6592612,127.0504663,고등학교
잠신고등학교,37.5150759,127.08897809999999,고등학교
잠실고등학교,37.522695399999996,127.1060662,고등학교
잠일고등학교,37.5056381,127.0908246,고등학교
중경고등학교,37.517602600000004,126.9757149,고등학교
중화고등학교,37.6046784,127.0832703,고등학교
진관고등학교,37.6433754,126.92441090000001,고등학교
창덕여자고등학교,37.5161314,127.1402281,고등학교
창동고등학교,37.6509764,127.0383612,고등학교
청담고등학교,37.5278385,127.04365929999999,고등학교
청량고등학교,37.588753000000004,127.05105929999999,고등학교
태릉고등학교,37.6190025,127.0852631,고등학교
한성과학고등학교,37.5759104,126.95279450000001,고등학교
혜화여자고등학교,37.631051899999996,127.01271570000002,고등학교
효문고등학교,37.6520737,127.0183236,고등학교
휘봉고등학교,37.5864945,127.06893190000001,고등학교
강동고등학교,37.549915500000004,127.16068090000002,고등학교
강서고등학교,37.5364895,126.86636609999998,고등학교
건국대학교사범대학부속고등학교,37.5401481,127.0804443,고등학교
경문고등학교,37.4933383,126.9822717,고등학교
경복여자고등학교,37.558054,126.8514662,고등학교
경성고등학교,37.563108500000006,126.91938929999999,고등학교
경신고등학교,37.591450200000004,127.0006702,고등학교
경희고등학교,37.5953632,127.05276119999999,고등학교
경희여자고등학교,37.594925599999996,127.0512357,고등학교
계성여자고등학교,37.5624615,126.9869644,고등학교
고려대학교사범대학부속고등학교,37.609807700000005,127.00154930000001,고등학교
광문고등학교,37.5602563,127.15855549999999,고등학교
광성고등학교,37.5486226,126.93636869999999,고등학교
광신고등학교,37.46513770000001,126.9256312,고등학교
광영고등학교,37.53779,126.8241074,고등학교
광영여자고등학교,37.5378104,126.8249328,고등학교
남강고등학교,37.4719974,126.92474729999999,고등학교
단국대학교사범대학부속고등학교,37.4956302,127.0566864,고등학교
대광고등학교,37.579072,127.0260014,고등학교
대성고등학교,37.623121999999995,126.90978090000002,고등학교
대신고등학교,37.576876,126.9668497,고등학교
대원고등학교,37.56307899999999,127.0889497,고등학교
대일고등학교,37.5394531,126.8632842,고등학교
대일외국어고등학교,37.613620700000006,127.013585,고등학교
대진고등학교,37.6376011,127.07503999999999,고등학교
대진여자고등학교,37.646445799999995,127.06728030000001,고등학교
덕성여자고등학교,37.577369700000006,126.98273780000001,고등학교
덕원여자고등학교,37.5485816,126.8290111,고등학교
동국대학교사범대학부속고등학교,37.5777907,127.0752098,고등학교
동국대학교사범대학부속여자고등학교,37.5425112,127.0867784,고등학교
동덕여자고등학교,37.4759144,126.9927567,고등학교
동명여자고등학교,37.6143891,126.92502890000002,고등학교
동북고등학교,37.5200101,127.1406733,고등학교
동성고등학교,37.585052399999995,127.00242920000001,고등학교
동양고등학교,37.568758700000004,126.8470842,고등학교
동일여자고등학교,37.451389899999995,126.916402,고등학교
문일고등학교,37.4493523,126.89842309999999,고등학교
미림여자고등학교,37.4665516,126.93290800000001,고등학교
배명고등학교,37.50136639999999,127.09580700000001,고등학교
배문고등학교,37.549685499999995,126.96419329999999,고등학교
배재고등학교,37.55581230000001,127.1504916,고등학교
배화여자고등학교,37.579389500000005,126.96538159999999,고등학교
백암고등학교,37.511737100000005,126.8440539,고등학교
보성고등학교,37.519502200000005,127.1351642,고등학교
보성여자고등학교,37.5426751,126.984496,고등학교
보인고등학교,37.497265999999996,127.1388757,고등학교
상명고등학교,37.6494211,127.06820060000001,고등학교
상명대학교사범대학부속여자고등학교,37.6041771,126.9556929,고등학교
상문고등학교,37.4794948,127.00450690000001,고등학교
상일여자고등학교,37.5492626,127.16964579999998,고등학교
서라벌고등학교,37.644900299999996,127.0758322,고등학교
서문여자고등학교,37.488574299999996,126.985083,고등학교
서울공연예술고등학교,37.5000864,126.8322027,고등학교
서울문영여자고등학교,37.4734279,126.95106340000001,고등학교
서울미술고등학교,37.47676,126.9671283,고등학교
서울세종고등학교,37.4903266,127.10262240000002,고등학교
서울예술고등학교,37.605613299999995,126.96903959999999,고등학교
서울외국어고등학교,37.6455929,127.05195479999999,고등학교
선덕고등학교,37.655351,127.02682890000001,고등학교
선일여자고등학교,37.6198158,126.9129092,고등학교
선정고등학교,37.618336,126.90871070000001,고등학교
선화예술고등학교,37.5502546,127.0875655,고등학교
성남고등학교,37.505301,126.92653870000001,고등학교
성덕고등학교,37.5495007,127.1425564,고등학교
성보고등학교,37.4801177,126.92079469999999,고등학교
성신여자고등학교,37.5945209,127.02261770000001,고등학교
성심여자고등학교,37.5341025,126.95422909999999,고등학교
세화고등학교,37.5018559,126.9922636,고등학교
세화여자고등학교,37.502181799999995,126.9932754,고등학교
송곡고등학교,37.60536949999999,127.1068868,고등학교
송곡여자고등학교,37.6063172,127.1053091,고등학교
숙명여자고등학교,37.4907295,127.0533366,고등학교
숭문고등학교,37.5515272,126.9451307,고등학교
숭실고등학교,37.593125,126.9032327,고등학교
숭의여자고등학교,37.5073276,126.9292344,고등학교
신광여자고등학교,37.5431703,126.9699957,고등학교
신일고등학교,37.628282399999996,127.02826609999998,고등학교
양정고등학교,37.5347501,126.8871706,고등학교
양천고등학교,37.50880720000001,126.84591670000002,고등학교
염광고등학교,37.6283619,127.04951640000002,고등학교
영동고등학교,37.5202083,127.0433256,고등학교
영동일고등학교,37.509907399999996,127.08978970000001,고등학교
영락고등학교,37.4763905,126.94469129999999,고등학교
영신여자고등학교,37.652112100000004,127.08287220000001,고등학교
영일고등학교,37.5473671,126.86181509999999,고등학교
영파여자고등학교,37.5322559,127.1201244,고등학교
영훈고등학교,37.613765,127.02783319999999,고등학교
예일여자고등학교,37.610722700000004,126.9153633,고등학교
오류고등학교,37.499694500000004,126.82820530000001,고등학교
오산고등학교,37.524645,127.0000902,고등학교
용문고등학교,37.5883385,127.0243811,고등학교
용화여자고등학교,37.6588542,127.0583619,고등학교
우신고등학교,37.4951383,126.82687649999998,고등학교
은광여자고등학교,37.488489799999996,127.03532720000001,고등학교
이화여자고등학교,37.565701399999995,126.9712202,고등학교
이화여자대학교사범대학부속이화금란고등학교,37.5661394,126.94733070000001,고등학교
이화여자외국어고등학교,37.5649455,126.9695624,고등학교
인창고등학교,37.565178100000004,126.96390749999999,고등학교
잠실여자고등학교,37.5017159,127.11359909999999,고등학교
장충고등학교,37.55314570000001,127.0065905,고등학교
장훈고등학교,37.5130688,126.9151301,고등학교
재현고등학교,37.6611696,127.0807395,고등학교
정신여자고등학교,37.5091964,127.0727415,고등학교
정의여자고등학교,37.6529105,127.03180630000001,고등학교
중동고등학교,37.4935585,127.0804483,고등학교
중산고등학교,37.485653000000006,127.08084709999999,고등학교
중앙고등학교,37.584897,126.9870352,고등학교
중앙대학교사범대학부속고등학교,37.491941600000004,127.0521317,고등학교
중앙여자고등학교,37.5628641,126.95316840000001,고등학교
진명여자고등학교,37.5233992,126.8659261,고등학교
진선여자고등학교,37.501754,127.04763870000001,고등학교
창문여자고등학교,37.6131144,127.03628119999999,고등학교
청원고등학교,37.66602839999999,127.0620129,고등학교
청원여자고등학교,37.6661276,127.06126509999999,고등학교
충암고등학교,37.58504569999999,126.9217386,고등학교
풍문여자고등학교,37.5767345,126.9833623,고등학교
하나고등학교,37.640944299999994,126.9367183,고등학교
한가람고등학교,37.537557299999996,126.88386899999999,고등학교
한광고등학교,37.538866600000006,126.85787990000001,고등학교
한국삼육고등학교,37.6431424,127.10625120000002,고등학교
한서고등학교,37.574601799999996,126.80815990000002,고등학교
한성고등학교,37.55970689999999,126.954598,고등학교
한성여자고등학교,37.582758399999996,127.01066940000001,고등학교
한양대학교사범대학부속고등학교,37.5618699,127.0422967,고등학교
한영고등학교,37.5489092,127.1581466,고등학교
한영외국어고등학교,37.5480681,127.15723030000001,고등학교
해성여자고등학교,37.5812848,127.05696329999999,고등학교
현대고등학교,37.525049200000005,127.0226548,고등학교
혜성여자고등학교,37.640511,127.0736034,고등학교
혜원여자고등학교,37.592991,127.09670190000001,고등학교
홍익대학교사범대학부속고등학교,37.5940995,127.0032562,고등학교
홍익대학교사범대학부속여자고등학교,37.560199299999994,126.91265109999999,고등학교
화곡고등학교,37.5480514,126.831698,고등학교
환일고등학교,37.5538606,126.96193740000001,고등학교
휘경여자고등학교,37.5831849,127.0673783,고등학교
휘문고등학교,37.504951,127.0620662,고등학교
서울로봇고등학교,37.480742600000006,127.084375,고등학교
수도전기공업고등학교,37.4850307,127.06390729999998,고등학교
마포고등학교,37.5600145,126.8536047,고등학교
명덕고등학교,37.55360110000001,126.83473049999999,고등학교
명덕외국어고등학교,37.5540714,126.8334004,고등학교
명지고등학교,37.5848709,126.92707730000001,고등학교
목동고등학교,37.5089842,126.86073259999999,고등학교
서울시립대학교,37.583865700000004,127.0587771,대학교
서울여자대학교,37.6281126,127.0904568,대학교
성공회대학교,37.487232500000005,126.82532020000001,대학교
성균관대학교,37.588227,126.993606,대학교
성신여자대학교,37.5915047,127.0203258,대학교
세종대학교,37.550259600000004,127.07313899999998,대학교
숙명여자대학교,37.546364399999995,126.9648311,대학교
숭실대학교,37.4968647,126.95682749999999,대학교
연세대학교,37.565784,126.938572,대학교
이화여자대학교,37.5611738,126.9473338,대학교
장로회신학대학교,37.5505112,127.1034577,대학교
중앙대학교 서울캠퍼스,37.504999600000005,126.957378,대학교
총신대학교,37.4907219,126.96714309999999,대학교
추계예술대학교,37.5624515,126.9534165,대학교
한국성서대학교,37.648748499999996,127.0643199,대학교
한국외국어대학교,37.5976171,127.05821920000001,대학교
한국체육대학교,37.5196266,127.1309837,대학교
한성대학교,37.5834222,127.00913270000001,대학교
한양대학교,37.5544649,127.04659709999999,대학교
한영신학대학교,37.4965411,126.85126159999999,대학교
홍익대학교,37.54842360000001,126.92523359999998,대학교
가톨릭대학교,37.500612,127.0051811,대학교
감리교신학대학교,37.567645500000005,126.96161000000001,대학교
건국대학교,37.5435547,127.07345600000001,대학교
경기대학교,37.5648332,126.96241129999999,대학교
경희대학교,37.5961951,127.052544,대학교
고려대학교,37.590799,127.02777730000001,대학교
광운대학교,37.6194277,127.05982,대학교
국민대학교,37.609640899999995,126.997697,대학교
그리스도대학교,37.5483449,126.85479740000001,대학교
덕성여자대학교,37.651198799999996,127.0161604,대학교
동국대학교,37.5580249,127.0009915,대학교
동덕여자대학교,37.606320200000006,127.041808,대학교
명지대학교 인문캠퍼스,37.58021779999999,126.9233966,대학교
삼육대학교,37.643011,127.10548600000001,대학교
상명대학교,37.602638,126.955252,대학교
서강대학교,37.5509442,126.94100230000001,대학교
서경대학교,37.61483399999999,127.013304,대학교
서울과학기술대학교,37.6324657,127.0786713,대학교
서울기독대학교,37.6009165,126.91202859999999,대학교
서울대학교,37.459882,126.9519053,대학교
신세계백화점 본점,37.5609176,126.9811331,몰
신세계백화점 강남점,37.5041299,127.0030692,몰
신세계백화점 영등포점,37.5176258,126.9052504,몰
현대백화점 디큐브시티점,37.5084321,126.88873319999999,몰
현대백화점 무역센터점,37.508542999999996,127.05976899999999,몰
현대백화점 천호점,37.538851,127.12446299999999,몰
현대백화점 목동점,37.526814,126.87502099999999,몰
현대백화점 신촌점,37.556073600000005,126.9357977,몰
현대백화점 압구정본점,37.527346,127.027355,몰
현대백화점 유플렉스 신촌점,37.556729700000005,126.93661270000001,몰
현대백화점 미아점,37.60839199999999,127.028741,몰
갤러리아백화점 명품관,37.5284665,127.04007990000001,몰
갤러리아면세점63,37.5193776,126.94021029999999,몰
괌 DFS갤러리아,37.5637273,126.98076809999999,몰
엔터식스 왕십리역점,37.5621482,127.03794209999998,몰
파크에비뉴 엔터식스 한양대점,37.5569482,127.04031609999998,몰
엔터식스 강변테크노점,37.5349372,127.0957088,몰
엔터식스 강남점,37.5045778,127.00569180000001,몰
엔터식스 상봉점,37.598502,127.091714,몰
엔터식스 천호역점,37.5391565,127.1231655,몰
롯데백화점 잠실점,37.51221029999999,127.0994592,몰
롯데백화점 영등포점,37.5154709,126.90668229999999,몰
롯데백화점 강남점,37.496961299999995,127.05326969999999,몰
롯데백화점 본점,37.5649903,126.981369,몰
롯데백화점 스타시티점,37.538776500000004,127.0710831,몰
롯데백화점 노원점,37.654995,127.06110659999999,몰
롯데백화점 청량리점,37.5792928,127.0479007,몰
롯데백화점 관악점 ,37.4904876,126.9250324,몰
롯데백화점 미아점,37.614641,127.03049080000001,몰
롯데백화점 김포공항점,37.5632182,126.8031237,몰
NC백화점 강서점,37.55990389999999,126.84051229999999,몰
NC백화점 불광점,37.609787100000005,126.9287587,몰
NC백화점 송파점,37.4776339,127.1249432,몰
아이파크몰,37.5288539,126.96404469999999,몰
스타필드 코엑스몰,37.5101935,127.0585824,몰
가락DT점,37.494854100000005,127.1307848,맥도날드
가산디지털점,37.4813766,126.8837051,맥도날드
가산비지니스센터점,37.480127,126.881037,맥도날드
강남2호점,37.4986551,127.0287443,맥도날드
강남구청점,37.5162358,127.0413134,맥도날드
강남삼성DT,37.5107997,127.04731559999999,맥도날드
강동구청점,37.5302906,127.12259979999999,맥도날드
고척DT,37.4972276,126.8635355,맥도날드
공덕점,37.541537299999995,126.947251,맥도날드
과학기술대점,37.629722799999996,127.07611990000001,맥도날드
구로디지탈,37.4849599,126.8952591,맥도날드
구로애경점,37.501205600000006,126.8827953,맥도날드
구산점,37.610573200000005,126.9166811,맥도날드
구의역점,37.5363941,127.0844723,맥도날드
굽은다리역DT,37.5472557,127.1429838,맥도날드
노량진점,37.5133884,126.94349409999998,맥도날드
대학로점,37.58284929999999,127.0020997,맥도날드
등촌DT점,37.5582134,126.8597362,맥도날드
마리오아울렛점,37.4780162,126.88736979999999,맥도날드
명동 2호점,37.5605158,126.98461040000001,맥도날드
명동점,37.56413189999999,126.98453640000001,맥도날드
명지대점,37.5798956,126.92472479999999,맥도날드
목동점,37.52811679999999,126.86371869999999,맥도날드
미아DT점,37.6180934,127.02170770000001,맥도날드
미아역점,37.626922799999996,127.0263081,맥도날드
미아점,37.613105700000006,127.0303835,맥도날드
방배점,37.4816001,126.9971013,맥도날드
방학역DT점,37.6700479,127.0432738,맥도날드
보라매,37.5001596,126.91991599999999,맥도날드
삼선교점,37.5893626,127.00751909999998,맥도날드
삼성역점,37.5082794,127.05876359999999,맥도날드
상계DT점,37.6723948,127.056223,맥도날드
상일동점,37.549662,127.175266,맥도날드
서울교대점,37.493951700000004,127.0161834,맥도날드
서울동묘역점,37.5731101,127.0150966,맥도날드
서울둔촌DT,37.5292801,127.1373345,맥도날드
서울번동DT점,37.6211416,127.04524550000001,맥도날드
서울상암DMC,37.5804334,126.88947639999999,맥도날드
서울시청점,37.5667752,126.9794837,맥도날드
서울시흥DT점,37.45046,126.90262140000002,맥도날드
서울역점,37.5545552,126.9713297,맥도날드
서초GS점,37.4861983,127.0097245,맥도날드
서초뱅뱅점,37.490266999999996,127.03060500000001,맥도날드
석촌역점,37.50598730000001,127.10910359999998,맥도날드
선릉점,37.503507899999995,127.04702150000001,맥도날드
성균관대점,37.58334620000001,126.99885379999999,맥도날드
세이브존 노원점,37.636639,127.0684032,맥도날드
송정역점,37.5617109,126.8096805,맥도날드
송파 잠실 DT점,37.50436079999999,127.07705049999998,맥도날드
수유점,37.6379094,127.0260243,맥도날드
숭실대점,37.495071200000005,126.9568872,맥도날드
신내점,37.606408200000004,127.0946811,맥도날드
신도림 테크노점,37.507043100000004,126.8902185,맥도날드
신도림디큐브점,37.5084321,126.88873319999999,맥도날드
신림점,37.481961,126.9301432,맥도날드
신사역점,37.5174146,127.02188100000001,맥도날드
신월DT점,37.5313045,126.83074309999999,맥도날드
신월SK DT점,37.5195591,126.8387341,맥도날드
신천점,37.511388399999994,127.08275079999999,맥도날드
쌍문DT점,37.6535816,127.0371852,맥도날드
안국역점,37.5762691,126.98435690000001,맥도날드
안암점,37.5843651,127.02925060000001,맥도날드
압구정CGV점,37.5245371,127.02883510000001,맥도날드
양재SK DT점,37.4780706,127.03961000000001,맥도날드
양재점,37.482717,127.03492150000001,맥도날드
양천구청DT점,37.5154644,126.86295359999998,맥도날드
양평SK점,37.5309805,126.89334299999999,맥도날드
어린이대공원점,37.547222399999995,127.07308540000001,맥도날드
여의도점,37.524839,126.92563100000001,맥도날드
연세대점,37.5585515,126.93670859999999,맥도날드
연신내점,37.617593799999995,126.919214,맥도날드
염창 DT점,37.5476267,126.8715004,맥도날드
영등포점,37.516948299999996,126.90762790000001,맥도날드
왕십리점,37.5621262,127.0337113,맥도날드
이마트 상봉점,37.596438,127.09359029999999,맥도날드
이마트 성수점,37.539938899999996,127.0531674,맥도날드
이마트 은평점,37.6003074,126.92011310000001,맥도날드
이수점,37.4843975,126.98042779999999,맥도날드
이태원점,37.533921899999996,126.98968470000001,맥도날드
잠실역점,37.5150441,127.0996365,맥도날드
장안사거리점,37.5725065,127.0726193,맥도날드
전농점,37.5781745,127.05776680000001,맥도날드
종로3가점,37.5705692,126.9904521,맥도날드
종암SK점,37.5956106,127.03602340000002,맥도날드
중계역점,37.648293100000004,127.06207509999999,맥도날드
중계점,37.650811299999994,127.0759834,맥도날드
중랑점,37.5934464,127.07545879999999,맥도날드
중앙대점,37.5063782,126.9589533,맥도날드
청담DT점,37.523672499999996,127.0402442,맥도날드
코엑스,37.5101935,127.0585824,맥도날드
파리공원점,37.5371499,126.8810101,맥도날드
한국외대점,37.59584230000001,127.0618743,맥도날드
한양대점,37.5571859,127.041905,맥도날드
한티점,37.497330700000006,127.0551532,맥도날드
합정 메세나폴리스,37.5510614,126.9133225,맥도날드
홍익대점,37.554979700000004,126.922095,맥도날드
홍제역점,37.5886171,126.9446373,맥도날드
논현역사거리,37.510178,127.022223,스타벅스
삼성역섬유센터R,37.50775,127.06065100000001,스타벅스
압구정R,37.5273669,127.033061,스타벅스
수서역R,37.488008,127.10265,스타벅스
양재강남빌딩R,37.485192,127.036685,스타벅스
선릉동신빌딩R,37.505321,127.050409,스타벅스
봉은사로선정릉,37.511293,127.048409,스타벅스
강남오거리,37.502117,127.02667199999999,스타벅스
스타필드코엑스몰R,37.50999,127.06145500000001,스타벅스
강남구청정문,37.518181,127.04599499999999,스타벅스
도곡공원,37.492805,127.04130900000001,스타벅스
강남R,37.497710999999995,127.02843899999999,스타벅스
대치은마사거리,37.498973,127.060172,스타벅스
청담영동대로,37.522156,127.056449,스타벅스
압구정,37.526283,127.02956,스타벅스
신사가로수,37.521852,127.02251000000001,스타벅스
청담스타R,37.525216,127.041827,스타벅스
강남우성,37.492396,127.03091,스타벅스
학동사거리,37.52236449999999,127.03795430000002,스타벅스
대치사거리,37.503331,127.05881699999999,스타벅스
포스코사거리,37.507530700000004,127.05742710000004,스타벅스
을지병원사거리,37.5191632,127.02864459999999,스타벅스
신사역,37.5162021,127.02074280000001,스타벅스
도곡역,37.492166999999995,127.05739799999999,스타벅스
서울세관사거리,37.514887,127.035653,스타벅스
청담사거리,37.5236351,127.0468651,스타벅스
한티역,37.496801,127.05505500000001,스타벅스
역삼초교사거리,37.4941059,127.03299730000003,스타벅스
코엑스몰,37.511921,127.059024,스타벅스
가로수길,37.523159299999996,127.02162499999996,스타벅스
역삼대로,37.501622999999995,127.039375,스타벅스
역삼포스코,37.499721,127.03358200000001,스타벅스
강남대로,37.50314,127.02554599999999,스타벅스
청담,37.5243631,127.05155990000004,스타벅스
삼성도심공항,37.509786299999995,127.05791339999996,스타벅스
삼성교,37.507794,127.06517,스타벅스
학동역,37.51464884,127.03073020000001,스타벅스
대치,37.49966175,127.06221709999998,스타벅스
기술센터,37.50329211,127.0436409,스타벅스
SSG마켓도곡R,37.490297999999996,127.054895,스타벅스
삼성,37.50703529,127.05555030000001,스타벅스
선릉세화빌딩,37.50377562,127.05119599999999,스타벅스
압구정역,37.52674095,127.0281105,스타벅스
압구정로,37.52680046,127.0347174,스타벅스
구역삼사거리,37.49592355,127.0388645,스타벅스
큰길타워,37.50236693,127.0407,스타벅스
강남구청역,37.5165849,127.04124330000002,스타벅스
대치역,37.493553999999996,127.061874,스타벅스
포이,37.47781106,127.04514109999998,스타벅스
아크플레이스,37.49971982,127.0349084,스타벅스
학여울역,37.49803646,127.0684943,스타벅스
선정릉역,37.51075489999999,127.04455970000004,스타벅스
삼성현대힐,37.51354184,127.0527183,스타벅스
GS타워,37.5018592,127.03727759999992,스타벅스
압구정미소,37.52405601,127.027915,스타벅스
선릉역,37.50393894,127.0485135,스타벅스
수서,37.48801132,127.10175079999999,스타벅스
코엑스사거리,37.515351,127.06010900000001,스타벅스
역삼럭키,37.492209,127.03938899999999,스타벅스
차병원사거리,37.508032,127.03537299999999,스타벅스
청담공원,37.5186549,127.05143870000006,스타벅스
신압구정,37.528115,127.036441,스타벅스
아크로힐스논현,37.50898041,127.0403869,스타벅스
뱅뱅사거리,37.488585,127.03241499999999,스타벅스
강남비젼타워,37.496455700000006,127.02968850000002,스타벅스
역삼역,37.50080096,127.0351577,스타벅스
압구정로데오역,37.526548999999996,127.04043700000001,스타벅스
르네상스사거리,37.502721,127.044308,스타벅스
포스코,37.505759999999995,127.057966,스타벅스
선릉로,37.505053000000004,127.046577,스타벅스
삼성역,37.510015,127.063864,스타벅스
논현힐탑,37.511557700000004,127.03226199999995,스타벅스
도산가로수길,37.51736229999999,127.02329570000006,스타벅스
미아뉴타운,37.618319,127.021072,스타벅스
강북구청사거리,37.6400354,127.02737659999998,스타벅스
미아사거리역,37.611809,127.03069709999998,스타벅스
수유역,37.6380167,127.02613500000008,스타벅스
미아역,37.626148,127.026578,스타벅스
우장산역,37.54909,126.83598400000001,스타벅스
마곡사이언스타워R,37.561492,126.833954,스타벅스
방화DT,37.574339,126.81641499999999,스타벅스
마곡나루역,37.56813,126.82614,스타벅스
마곡GMG,37.560487,126.82966699999999,스타벅스
가양역,37.561640000000004,126.85332700000001,스타벅스
화곡DT,37.535149,126.86323200000001,스타벅스
양천향교역,37.566964,126.840731,스타벅스
화곡동,37.5405115,126.83724129999999,스타벅스
등촌,37.55820429999999,126.84433919999992,스타벅스
염창역,37.547359,126.87443600000002,스타벅스
발산역,37.56033,126.839279,스타벅스
가양이마트,37.5578966,126.86229779999996,스타벅스
까치산역,37.532303000000006,126.84607700000001,스타벅스
신림DT,37.480934999999995,126.90840700000001,스타벅스
서울대역,37.481598999999996,126.9522,스타벅스
낙성대DT,37.476169,126.965005,스타벅스
사당,37.476009999999995,126.980997,스타벅스
보라매대교,37.491448999999996,126.925432,스타벅스
신림사거리,37.484768,126.930467,스타벅스
신림,37.48609493,126.9291602,스타벅스
신림역포도몰,37.48385383,126.93017990000001,스타벅스
서울대입구역,37.48118,126.951324,스타벅스
어린이대공원역,37.551946,127.07640400000001,스타벅스
아차산역,37.5505388,127.0898757,스타벅스
올림픽대교북단,37.541129,127.09523999999999,스타벅스
구의DT,37.5451984,127.0871587,스타벅스
자양사거리,37.5371158,127.0825821,스타벅스
군자역,37.556703000000006,127.07891599999999,스타벅스
광나루,37.547442,127.105934,스타벅스
건대스타시티,37.53780432,127.07254509999999,스타벅스
자양,37.5354769,127.06914619999998,스타벅스
강변역,37.536155,127.09308600000001,스타벅스
건대입구,37.5406604,127.0707225,스타벅스
구의역,37.53698,127.084015,스타벅스
광장,37.542857,127.09978899999999,스타벅스
건국클래식,37.53838,127.07070900000001,스타벅스
가산에스케이,37.48061318,126.88057020000001,스타벅스
독산사거리,37.471511,126.898775,스타벅스
금천시흥,37.448624,126.90318300000001,스타벅스
가산디지털단지역,37.481324,126.883779,스타벅스
금천독산,37.46914,126.895246,스타벅스
가산디지털,37.479834600000004,126.88249969999993,스타벅스
W-Mall,37.47730499,126.8876908,스타벅스
마리오아울렛,37.478701,126.885076,스타벅스
가산브이타워,37.477221,126.883683,스타벅스
가산그레이트,37.479449100000004,126.88747680000006,스타벅스
공릉DT,37.6206884,127.07431159999999,스타벅스
노원마들역,37.660940999999994,127.058008,스타벅스
공릉역,37.626337,127.072252,스타벅스
서울여대,37.626163,127.093084,스타벅스
은행사거리,37.65048737,127.07598610000001,스타벅스
노원KT,37.654562,127.063617,스타벅스
광운대,37.6231479,127.06070090000004,스타벅스
중계역,37.64817,127.06224399999999,스타벅스
노원역,37.654751,127.060034,스타벅스
월계이마트,37.627155,127.06209399999999,스타벅스
쌍문역,37.648456,127.034783,스타벅스
이수자이,37.484414,126.980047,스타벅스
노량진역,37.51339,126.94087900000001,스타벅스
신대방삼거리역,37.499914000000004,126.931766,스타벅스
중앙대,37.506933000000004,126.958125,스타벅스
숭실대입구역,37.4968346,126.95271230000004,스타벅스
숭실대,37.49538073,126.95488909999999,스타벅스
사당역,37.47849216,126.9813456,스타벅스
마포용강동,37.541185999999996,126.942209,스타벅스
홍대입구역사거리R,37.554636,126.92036,스타벅스
마포경찰서후문,37.5508,126.953432,스타벅스
공덕,37.545913,126.952956,스타벅스
합정폴리스R,37.5509,126.9134,스타벅스
홍대공항철도역,37.557491,126.925146,스타벅스
마포염리,37.543876000000004,126.94768,스타벅스
서강광흥창역,37.549377,126.931661,스타벅스
합정,37.54963,126.912999,스타벅스
서강대흥역,37.548178,126.941576,스타벅스
서교동사거리,37.553376,126.91856399999999,스타벅스
상암사보이시티,37.58147,126.88898300000001,스타벅스
신촌오거리,37.555137,126.934694,스타벅스
상암디지털큐브,37.5763132,126.8892477,스타벅스
상수역,37.547481700000006,126.92321579999998,스타벅스
공덕오거리,37.542464100000004,126.95057730000008,스타벅스
서교,37.551384999999996,126.91692079999999,스타벅스
서강대,37.5524584,126.9378262,스타벅스
상암MBC,37.581297,126.89090800000001,스타벅스
홍대공원,37.5518983,126.92324280000001,스타벅스
홍대역,37.557175,126.923654,스타벅스
동교,37.556928000000006,126.91981899999999,스타벅스
애오개역,37.55218737,126.9555203,스타벅스
홍대갤러리,37.55328184,126.92482790000001,스타벅스
상암DMC,37.577622999999996,126.89068400000001,스타벅스
마포일진빌딩,37.54043451,126.9463168,스타벅스
마포아크로,37.54145556,126.948819,스타벅스
홍대삼거리,37.550266,126.923179,스타벅스
망원역,37.555828999999996,126.91063700000001,스타벅스
마포이마트,37.542421000000004,126.953341,스타벅스
합정메세나몰,37.551004,126.913848,스타벅스
공덕역,37.547,126.95309099999999,스타벅스
신촌역,37.556166999999995,126.934673,스타벅스
연희동,37.566702,126.930475,스타벅스
아현역,37.55782,126.95605800000001,스타벅스
홍제역,37.588658,126.94386399999999,스타벅스
연세백양로,37.562644,126.937529,스타벅스
명지대,37.57826179999999,126.9223233,스타벅스
연희DT,37.570214299999996,126.9339777,스타벅스
동교삼거리,37.559046,126.92742,스타벅스
경기대,37.56367995,126.9646045,스타벅스
신촌대로,37.55624543,126.93927959999999,스타벅스
신촌,37.55648577,126.9371155,스타벅스
이대,37.55848315,126.94596429999999,스타벅스
연세종합관,37.56177145,126.94147079999999,스타벅스
이대ECC,37.561631,126.94735,스타벅스
연대,37.558706,126.936727,스타벅스
신촌아트레온,37.556505,126.940238,스타벅스
충정로역,37.561370000000004,126.963219,스타벅스
연대동문,37.566385,126.946273,스타벅스
신촌명물거리,37.557796,126.93809499999999,스타벅스
충정타워,37.559869,126.96411,스타벅스
강남교보타워R,37.503789000000005,127.024075,스타벅스
방배다이치빌딩,37.484328999999995,126.99587199999999,스타벅스
센트럴F1,37.505148,127.004395,스타벅스
서초역이화빌딩,37.487931,127.009126,스타벅스
서초구청,37.484206,127.030103,스타벅스
서초우성사거리,37.493545000000005,127.02943,스타벅스
이수역사거리,37.48585,126.983027,스타벅스
강남대로신사,37.51489,127.019469,스타벅스
서울고속터미널,37.504406,127.005648,스타벅스
강남대로논현R,37.507413,127.02256799999999,스타벅스
방배,37.491914,126.99049739999998,스타벅스
방배카페거리,37.4934767,126.9865297,스타벅스
서초법원,37.49297,127.011875,스타벅스
청계산입구역,37.447323,127.05625,스타벅스
사당로데오,37.4772752,126.98216049999996,스타벅스
파미에파크R,37.5030521,127.00436200000001,스타벅스
교대역,37.494207,127.01393999999999,스타벅스
양재역,37.4820475,127.0367682,스타벅스
논현역,37.5111983,127.0205875,스타벅스
이수역,37.4864664,126.98274029999992,스타벅스
내방역,37.490004,126.992455,스타벅스
서초파라곤,37.494941,127.027422,스타벅스
서울아트센터,37.480866,127.012368,스타벅스
서초중앙로,37.501690999999994,127.01151999999999,스타벅스
센트럴시티,37.504707,127.00445900000001,스타벅스
강남삼성타운,37.49562035,127.02771440000001,스타벅스
방배역,37.48200755,126.9976438,스타벅스
반포역,37.508589,127.011959,스타벅스
남부터미널,37.48467334,127.01694640000001,스타벅스
뉴코아강남,37.51031339,127.0069582,스타벅스
강남2,37.5000875,127.02549090000002,스타벅스
교대,37.492361100000004,127.0142207,스타벅스
하이브랜드,37.46330766,127.03684469999999,스타벅스
신논현역,37.50529,127.02363600000001,스타벅스
영동2교,37.48203954,127.0425748,스타벅스
남부터미널2,37.48436736,127.0142192,스타벅스
서래마을입구,37.49925284,126.9984801,스타벅스
몬테소리,37.4982695,127.02686499999999,스타벅스
서초역,37.49067495,127.0086118,스타벅스
예술의전당,37.48115265,127.01347240000001,스타벅스
교대법원,37.496328999999996,127.01333600000001,스타벅스
강남GT타워,37.498056,127.02583300000003,스타벅스
서초동,37.485941,127.021525,스타벅스
서울교대,37.487396999999994,127.015134,스타벅스
강남에비뉴,37.5027,127.023894,스타벅스
종암DT,37.591952500000005,127.03604009999998,스타벅스
미아,37.607581,127.029303,스타벅스
성신여대정문,37.59091,127.0188,스타벅스
종암,37.601095,127.033847,스타벅스
삼선교,37.588696,127.00732070000004,스타벅스
월곡역,37.601718,127.040446,스타벅스
고대,37.58397192,127.02973519999999,스타벅스
현대미아,37.60837822,127.0287483,스타벅스
고대안암병원,37.5873062,127.02721389999999,스타벅스
성신여대,37.593135,127.01837900000001,스타벅스
안암역,37.586319,127.030556,스타벅스
한성대입구역,37.589054,127.00483899999999,스타벅스
잠실시그마타워,37.514567,127.102493,스타벅스
문정법원로R,37.487446999999996,127.11916399999998,스타벅스
송파개롱역,37.496956,127.13651999999999,스타벅스
문정하비오,37.481925,127.123446,스타벅스
문정역,37.484813,127.12223700000001,스타벅스
잠실대교남단R,37.515511,127.099006,스타벅스
송파위례,37.478264,127.14406699999999,스타벅스
송파방이DT,37.506564000000004,127.12049499999999,스타벅스
송파구청,37.514573,127.107404,스타벅스
올림픽평화의문,37.51564260000001,127.11648190000004,스타벅스
송파아이파크,37.479892,127.12237900000001,스타벅스
송파사거리,37.50227879999999,127.11039040000001,스타벅스
석촌서호,37.5063929,127.0964684,스타벅스
문정로데오,37.491904999999996,127.1262696,스타벅스
올림픽훼미리,37.491626000000004,127.116308,스타벅스
올림픽공원남문,37.5133,127.12311299999999,스타벅스
방이역,37.508666,127.12656899999999,스타벅스
석촌호수,37.509581,127.104993,스타벅스
잠실푸르지오월드,37.517649,127.103426,스타벅스
잠실새내역,37.511679,127.08106200000002,스타벅스
잠실역,37.515271999999996,127.099231,스타벅스
갤러리아팰리스,37.51108365,127.0938059,스타벅스
아시아선수촌,37.51052862,127.0790472,스타벅스
올림픽아파트,37.515315,127.13323700000001,스타벅스
가락본동,37.494895,127.118785,스타벅스
석촌역,37.5042626,127.10610769999994,스타벅스
가락시장역,37.494299,127.121354,스타벅스
가든파이브,37.4782316,127.1193703,스타벅스
등촌역,37.548884,126.86806999999999,스타벅스
목동행복한,37.529146999999995,126.876099,스타벅스
신정DT,37.521993,126.858865,스타벅스
목동역,37.526684,126.86398600000001,스타벅스
목동오목로,37.525923,126.86843799999998,스타벅스
목동8단지,37.520518,126.86884099999999,스타벅스
오목교역,37.523588200000006,126.87652120000007,스타벅스
신월IC DT,37.5294984,126.83198300000001,스타벅스
목동7단지,37.528012,126.87053,스타벅스
목동하이페리온,37.524931,126.87031599999999,스타벅스
목동5단지,37.536706,126.88212,스타벅스
목동,37.53638383,126.87855970000001,스타벅스
현대목동,37.526848,126.875023,스타벅스
목동파라곤,37.52947,126.874996,스타벅스
당산대로,37.533121,126.90380400000001,스타벅스
여의도IFC몰(L1)R,37.525127000000005,126.92550800000001,스타벅스
여의도KBS R,37.526596000000005,126.918456,스타벅스
여의도화재보험,37.521345000000004,126.926004,스타벅스
국회대로,37.53026,126.919549,스타벅스
영등포KT,37.526792,126.904706,스타벅스
여의도공원R,37.529231,126.924872,스타벅스
국회의사당역,37.527831,126.916882,스타벅스
선유도역,37.537268,126.894594,스타벅스
여의도역,37.523328,126.92343899999999,스타벅스
선유동이레빌딩,37.534109,126.89691200000001,스타벅스
동여의도,37.5199494,126.9317957,스타벅스
여의도ABL타워,37.518749,126.92778999999999,스타벅스
영등포신길DT,37.504566,126.910073,스타벅스
문래역,37.517428,126.896475,스타벅스
당산,37.535164,126.899942,스타벅스
여의도한양증권,37.522418,126.929093,스타벅스
여의도일신,37.528,126.920103,스타벅스
신세계영등포B2,37.517162,126.905608,스타벅스
하이테크시티,37.51467062,126.89864740000002,스타벅스
당산역,37.53443370000001,126.90187630000001,스타벅스
서여의도,37.52958977,126.920272,스타벅스
여의도,37.52403519,126.9245179,스타벅스
여의도미래에셋대우,37.52226158,126.92964640000001,스타벅스
롯데캐슬여의도,37.52025214,126.92636780000001,스타벅스
문래동,37.519602,126.889652,스타벅스
신세계영등포B,37.517162,126.905608,스타벅스
여의도호성,37.520176,126.929426,스타벅스
타임스퀘어B2,37.516985,126.90338700000001,스타벅스
영등포본동,37.518713,126.909559,스타벅스
타임스퀘어,37.516985,126.90338700000001,스타벅스
여의도의사당,37.530023,126.92108999999999,스타벅스
여의도IFC(1F),37.525273,126.924668,스타벅스
구파발사거리,37.639617,126.91881000000001,스타벅스
연신내역사거리,37.61862,126.92206200000001,스타벅스
연신내,37.620416999999996,126.919913,스타벅스
구파발역,37.63446,126.918881,스타벅스
은평구청입구,37.601042,126.92678899999999,스타벅스
은평이마트,37.60037923,126.92027350000001,스타벅스
연신내역,37.617784,126.920049,스타벅스
구산역,37.611745,126.91767800000001,스타벅스
혜화역,37.5824779,127.00218500000001,스타벅스
종로평창동,37.606149,126.96721299999999,스타벅스
광화문우체국,37.569854,126.97808300000001,스타벅스
더종로R,37.570803999999995,126.983494,스타벅스
독립문역,37.571432,126.961269,스타벅스
정부서울청사R,37.574411,126.97357099999999,스타벅스
동묘앞역,37.5727,127.016072,스타벅스
종로구청,37.572662,126.98113799999999,스타벅스
북촌로,37.579462,126.98643100000001,스타벅스
종로수송,37.571493100000005,126.9807831,스타벅스
새문안로,37.5696597,126.9748903,스타벅스
안국,37.577338,126.98563500000002,스타벅스
삼청동,37.585381,126.9817512,스타벅스
광화문D타워,37.5714,126.9788297,스타벅스
서울극장,37.56975769,126.99179109999999,스타벅스
적선,37.57520431,126.9739361,스타벅스
인사,37.57212929999999,126.98703490000003,스타벅스
영풍문고,37.5695584,126.9821243,스타벅스
광화문R,37.57122929999999,126.9762872,스타벅스
성대입구,37.582892,126.998392,스타벅스
스페이스본,37.57532212,126.9692494,스타벅스
주얼리시티,37.57154914,126.998705,스타벅스
종각,37.5699183,126.98452810000003,스타벅스
새종로,37.56965628,126.9864483,스타벅스
종로평창,37.605817,126.96672,스타벅스
광교,37.568928,126.9842163,스타벅스
동숭로아트,37.582969,127.003876,스타벅스
종로관철,37.569058,126.98601299999999,스타벅스
경복궁역,37.5771508,126.97274530000004,스타벅스
이마빌딩,37.573863700000004,126.97897149999994,스타벅스
대명거리,37.58349633,127.00115929999998,스타벅스
마로니에공원,37.58154296,127.0023412,스타벅스
종로3가,37.5705527,126.99020549999999,스타벅스
대학로,37.576509,127.001449,스타벅스
종로2가,37.570631,126.987362,스타벅스
경복궁사거리,37.575578,126.980581,스타벅스
종로관수,37.569385,126.988665,스타벅스
숭례문북창,37.561725,126.97683799999999,스타벅스
명동센트럴,37.564669,126.98523300000001,스타벅스
국립중앙의료원,37.566516,127.00623759999999,스타벅스
동국대,37.561541999999996,126.99843700000001,스타벅스
신세계본점5F,37.560951,126.98113400000001,스타벅스
을지로내외빌딩R,37.566479,126.98366299999999,스타벅스
대우재단빌딩,37.556781,126.975081,스타벅스
동대문공원,37.565133,127.00719099999999,스타벅스
을지로국제빌딩,37.566952,126.982219,스타벅스
동대입구역,37.559593,127.006142,스타벅스
신당역사거리,37.565807,127.01643,스타벅스
연세세브란스,37.557207,126.97353999999999,스타벅스
회현역,37.5589809,126.98074670000004,스타벅스
을지로경기빌딩,37.567172,126.98315600000001,스타벅스
을지로2가,37.566347,126.98806599999999,스타벅스
신세계본점6F,37.560381,126.98075800000001,스타벅스
서울중앙우체국,37.561678,126.98211699999999,스타벅스
한국프레스센터,37.567381,126.97785900000001,스타벅스
명동중앙로,37.563748499999996,126.9857723,스타벅스
약수역,37.555437,127.0107253,스타벅스
중구저동,37.5643686,126.9903382,스타벅스
명동길,37.5620695,126.9858669,스타벅스
소공로북창,37.5636856,126.9789237,스타벅스
서소문로,37.563006,126.97454599999999,스타벅스
신당역,37.565521999999994,127.014554,스타벅스
명동메트로,37.565118,126.983681,스타벅스
숭례문,37.55874473,126.9730952,스타벅스
순화동더샵,37.560072,126.97193100000001,스타벅스
대한극장,37.56105065,126.99527350000001,스타벅스
소공동,37.564448,126.979157,스타벅스
무교동,37.56781712,126.97873799999999,스타벅스
문화일보,37.56712291,126.9686642,스타벅스
태평로,37.56248285,126.97679280000001,스타벅스
퍼시픽타워,37.56132157,126.9730264,스타벅스
남산단암,37.55853622,126.9754585,스타벅스
황학캐슬,37.57124,127.02290500000001,스타벅스
서소문,37.5633773,126.9755129,스타벅스
명동미래,37.564064,126.98448700000002,스타벅스
을지로삼화타워,37.566902,126.984707,스타벅스
소공로,37.5637273,126.98076809999998,스타벅스
서소문배재,37.562848100000004,126.9721664,스타벅스
을지로한국빌딩,37.565721999999994,126.98329,스타벅스
순화동에이스,37.563528000000005,126.969144,스타벅스
시청,37.56629,126.979808,스타벅스
시청플러스,37.566338,126.98005500000001,스타벅스
충무로역,37.561499,126.99386399999999,스타벅스
명동역,37.560832,126.98309499999999,스타벅스
남산스테이트,37.560204999999996,126.98279099999999,스타벅스
명동입구,37.563319,126.982242,스타벅스
명일역,37.55258,127.143799,스타벅스
강동역,37.536046999999996,127.133086,스타벅스
둔촌동,37.522724,127.13394299999999,스타벅스
천호로데오,37.53780689999999,127.12730940000006,스타벅스
천호이마트,37.538933,127.12521399999999,스타벅스
길동역,37.53874329999999,127.1399879,스타벅스
상일동,37.550072,127.17425800000001,스타벅스
올림픽공원북문,37.525403000000004,127.125932,스타벅스
천호역,37.53795191,127.12457930000001,스타벅스
명일이마트,37.553990999999996,127.155984,스타벅스
길동사거리,37.534653600000006,127.13839510000003,스타벅스
신도림,37.505517,126.883953,스타벅스
구로디지털타워,37.483432,126.89648000000001,스타벅스
오류동역,37.496215500000005,126.8448614,스타벅스
구로디지털로,37.485911,126.895587,스타벅스
신세계아이앤씨,37.48587904,126.89161270000001,스타벅스
구로에이스,37.48448329,126.8944957,스타벅스
구로하이엔드,37.481618,126.89313600000001,스타벅스
현대디큐브2F,37.508635999999996,126.889225,스타벅스
구로호텔,37.483129299999995,126.89885909999998,스타벅스
현대디큐브B2,37.508828,126.88948799999999,스타벅스
답십리역,37.568466,127.051106,스타벅스
경희대삼거리,37.591530999999996,127.05201699999999,스타벅스
외대정문,37.59533,127.05923899999999,스타벅스
신설동역,37.57672279999999,127.0255446,스타벅스
회기역사거리,37.590784,127.05609799999999,스타벅스
외대,37.59575188,127.06140020000001,스타벅스
청량리역,37.57976852,127.0448267,스타벅스
장한평역,37.562337,127.06551100000001,스타벅스
경희대,37.5928812,127.05280849999995,스타벅스
뚝섬역,37.546432,127.04904199999999,스타벅스
황학사거리,37.567644,127.023697,스타벅스
성수역,37.543193,127.05694299999999,스타벅스
상왕십리역,37.565169,127.02790700000001,스타벅스
왕십리역,37.5627541,127.03390719999999,스타벅스
엔터식스한양대,37.5570379,127.04002,스타벅스
한양대,37.55726984,127.0421649,스타벅스
엔터식스,37.56175811,127.03833279999999,스타벅스
성수이마트,37.539699600000006,127.05300829999999,스타벅스
이태원역,37.534273,126.99478899999998,스타벅스
한강진역R,37.537131,127.00098,스타벅스
용산역써밋R,37.527586,126.965401,스타벅스
이촌,37.518605,126.977271,스타벅스
신용산역,37.528702,126.966757,스타벅스
용산파크타워,37.523818,126.97038899999998,스타벅스
남영동,37.542831,126.972242,스타벅스
한남동R,37.53485,127.010919,스타벅스
서울타워,37.551102,126.988317,스타벅스
서울역동자동,37.551752,126.97269399999999,스타벅스
이태원거리,37.534988,126.99756000000001,스타벅스
순천향입구,37.533394,127.00563000000001,스타벅스
숙대,37.54460479,126.96722520000002,스타벅스
동빙고,37.5289857,126.991782,스타벅스
숙대입구역,37.544118,126.97189099999999,스타벅스
용산아이파크몰,37.5288539,126.96404469999992,스타벅스
동부이촌동,37.52111,126.96905,스타벅스
상봉,37.597842,127.092509,스타벅스
중랑역,37.5930326,127.07473579999998,스타벅스
중랑구청,37.60538908,127.09575579999999,스타벅스
사가정역,37.579594,127.087966,스타벅스
상봉역,37.59689,127.08646999999999,스타벅스
묵동이마트,37.613433,127.07748400000001,스타벅스
419민주묘지,37.650306,127.01328899999999,역
가락시장,37.492522,127.11823400000002,역
가산디지털단지,37.481072,126.882343,역
가양,37.561391,126.854456,역
가오리,37.641422,127.01676599999999,역
가좌,37.568491,126.915487,역
강남,37.497175,127.027926,역
강남구청,37.517186,127.04128,역
강동,37.535804,127.132481,역
강동구청,37.530341,127.120508,역
강변,37.535095,127.094681,역
개롱,37.498079,127.13482,역
개봉,37.494594,126.85868,역
개포동,37.489116,127.06614,역
개화,37.578608,126.798153,역
개화산,37.572399,126.806171,역
거여,37.493105,127.14415,역
건대입구,37.540693,127.07023,역
경기광주,37.399907,127.25263,역
경복궁,37.575762,126.97353,역
경찰병원,37.495918,127.12454,역
고덕,37.555004,127.154151,역
고려대,37.590508,127.036296,역
고속터미널,37.50481,127.004943,역
곤지암,37.351315,127.34674,역
공덕,37.544018,126.951592,역
공릉,37.625742,127.072896,역
공항시장,37.563726,126.810678,역
광교중앙,37.288617,127.051478,역
광나루,37.545303,127.10357,역
광운대,37.623632,127.06183500000002,역
광화문,37.571026,126.976669,역
광흥창,37.547456,126.931993,역
교대,37.493415,127.01408,역
구로,37.503039,126.881966,역
구로디지털단지,37.485266,126.901401,역
구룡,37.486839,127.058856,역
구반포,37.501364,126.987332,역
구산,37.61137700000001,126.91727,역
구의,37.537077,127.085916,역
구일,37.496756,126.870793,역
구파발,37.636763,126.918821,역
국회의사당,37.528105,126.917874,역
군자,37.557121,127.079542,역
굽은다리,37.54547700000001,127.142853,역
금천구청,37.455626,126.89398,역
금호,37.548034,127.015872,역
길동,37.537801,127.140004,역
길음,37.603407,127.025053,역
김포공항,37.562434,126.801058,역
까치산,37.531768,126.846683,역
낙성대,37.47693,126.963693,역
남구로,37.486056,126.887249,역
남부터미널,37.485013,127.01618899999998,역
남성,37.484596,126.971251,역
남영,37.541021,126.9713,역
남태령,37.463873,126.989134,역
내방,37.487618,126.993513,역
노들,37.512887,126.953222,역
노량진,37.514219,126.942454,역
노원,37.65512800000001,127.061368,역
녹번,37.600927,126.935756,역
녹사평,37.534675,126.986695,역
녹천,37.644799,127.051269,역
논현,37.511093,127.021415,역
답십리,37.566747,127.052704,역
당고개,37.670272,127.079066,역
당산,37.53438,126.902281,역
대림,37.49297,126.895801,역
대모산입구,37.491373,127.07272,역
대방,37.513342,126.926382,역
대청,37.49351400000001,127.079532,역
대치,37.494612,127.063642,역
대흥,37.547771,126.942069,역
도곡,37.490858,127.055381,역
도림천,37.514287,126.882768,역
도봉,37.679563,127.045595,역
도봉산,37.689313,127.046222,역
독립문,37.574571,126.957748,역
독바위,37.618456,126.933031,역
독산,37.466613,126.889249,역
돌곶이,37.610537,127.056431,역
동대문,37.57142,127.009745,역
동대문역사문화공원,37.565138,127.007896,역
동대입구,37.559052,127.005602,역
동묘앞,37.572627,127.016429,역
동작,37.502971,126.979306,역
동천,37.33792800000001,127.102976,역
둔촌동,37.527788,127.136248,역
등촌,37.550632,126.865689,역
디지털미디어시티,37.576646,126.900984,역
뚝섬,37.547184,127.047367,역
뚝섬유원지,37.53154,127.066704,역
마곡,37.560183,126.825448,역
마곡나루,37.567336,126.829497,역
마들,37.66494,127.057675,역
마장,37.5661,127.042973,역
마천,37.49499,127.152781,역
마포,37.539574,126.945932,역
마포구청,37.563515,126.903343,역
망우,37.59955,127.09190900000002,역
망원,37.556094,126.910052,역
매봉,37.486947,127.046769,역
먹골,37.610637,127.077725,역
면목,37.588579,127.087503,역
명동,37.560989,126.986325,역
명일,37.55137,127.143999,역
목동,37.526065,126.864931,역
몽촌토성,37.517409,127.112359,역
무악재,37.582299,126.950291,역
문래,37.517933,126.89476,역
문정,37.485855,127.1225,역
미아,37.62667,127.025983,역
미아사거리,37.613292,127.030053,역
반포,37.508178,127.011727,역
발산,37.558598,126.837668,역
방배,37.481426,126.997596,역
방이,37.508857,127.126133,역
방학,37.667503,127.044273,역
방화,37.577446,126.812741,역
버티고개,37.548013,127.007055,역
보라매,37.499872,126.920428,역
보문,37.585286,127.019381,역
복정,37.470047,127.126662,역
봉은사,37.514219,127.060245,역
봉천,37.482362,126.941892,역
봉화산,37.617283,127.091401,역
부발,37.260192,127.490277,역
북한산보국문,37.611755,127.008436,역
북한산우이,37.662805999999996,127.01271799999999,역
불광,37.610469,126.929887,역
사가정,37.580894,127.088478,역
사당,37.47653,126.981685,역
사평,37.504206,127.015259,역
삼각지,37.53477700000001,126.97311,역
삼동,37.409522,127.20336,역
삼성,37.508844,127.06316,역
삼성중앙,37.513011,127.053282,역
삼양,37.627218,127.01813500000002,역
삼양사거리,37.621373999999996,127.02045600000001,역
상계,37.660878,127.073572,역
상도,37.502834,126.94791,역
상봉,37.596362,127.085032,역
상수,37.547716,126.922852,역
상왕십리,37.564354,127.029354,역
상월곡,37.606377,127.048491,역
상일동,37.556712,127.166417,역
상현,37.29766400000001,127.069342,역
새절,37.591148,126.913629,역
샛강,37.517274,126.928422,역
서강대,37.551881,126.935711,역
서대문,37.565773,126.966641,역
서빙고,37.519594,126.988537,역
서울,37.554648,126.972559,역
서울(경의중앙선),37.556328,126.969522,역
서울대입구,37.481247,126.952739,역
서울숲,37.543617,127.044707,역
서초,37.491897,127.007917,역
석계,37.614805,127.065851,역
석촌,37.505431,127.106979,역
선릉,37.504503,127.049008,역
선유도,37.53802,126.893525,역
선정릉,37.51098,127.043593,역
성복,37.313335,127.0801,역
성수,37.544581,127.055961,역
성신여대입구,37.592624,127.016403,역
세종대왕릉,37.295309,127.57093799999998,역
솔밭공원,37.656039,127.013248,역
솔샘,37.620296999999994,127.01356799999999,역
송정,37.561184,126.811973,역
송파,37.499703,127.112183,역
수락산,37.67785,127.055315,역
수색,37.580842,126.89561100000002,역
수서,37.487371,127.10188,역
수유,37.638052,127.025732,역
수지구청,37.322702,127.095026,역
숙대입구,37.54456,126.972106,역
숭실대입구,37.496029,126.953822,역
숭의,37.460789,126.638297,역
시청,37.564718,126.977108,역
신금호,37.554548,127.020331,역
신길,37.517122,126.917169,역
신내,37.612887,127.103218,역
신논현,37.504598,127.02506,역
신답,37.57004000000001,127.046481,역
신당,37.565972,127.01782,역
신대방,37.487462,126.913149,역
신대방삼거리,37.499701,126.928276,역
신도림,37.508725,126.891295,역
신둔도예촌,37.317185,127.40476,역
신림,37.484201,126.929715,역
신목동,37.544277,126.88308,역
신반포,37.503415,126.995925,역
신방화,37.567532,126.816601,역
신사,37.516334,127.020114,역
신설동,37.575297,127.025087,역
신용산,37.52917,126.967894,역
신이문,37.601854,127.067325,역
신정,37.524997,126.856191,역
신정네거리,37.520074,126.85291200000002,역
신촌,37.555134,126.936893,역
신촌(경의중앙선),37.559783,126.942319,역
신포,37.46874,126.623853,역
신풍,37.50008,126.90993,역
쌍문,37.64862700000001,127.034709,역
아차산,37.551691,127.089761,역
아현,37.557345,126.956141,역
안국,37.576477,126.985443,역
안암,37.586272,127.029005,역
암사,37.55021,127.127562,역
압구정,37.527072,127.028461,역
압구정로데오,37.527381,127.040534,역
애오개,37.553736,126.95682,역
야당,37.712327,126.761356,역
약수,37.55434,127.010655,역
양원,37.606596,127.107906,역
양재,37.484147,127.034631,역
양재시민의숲,37.470023,127.03842,역
양천구청,37.512398,126.865819,역
양천향교,37.568381,126.841333,역
양평,37.525648,126.885778,역
어린이대공원,37.548014,127.074658,역
언주,37.507287,127.033868,역
여의나루,37.527098,126.932901,역
여의도,37.521624,126.924191,역
역삼,37.500622,127.036456,역
역촌,37.60602100000001,126.922744,역
연신내,37.619001,126.921008,역
염창,37.546936,126.87491599999998,역
영등포,37.515504,126.907628,역
영등포구청,37.52497,126.895951,역
영등포시장,37.522669,126.905139,역
영종,37.511466,126.5237,역
오금,37.502162,127.128111,역
오류동,37.494526,126.845365,역
오목교,37.524496,126.875181,역
옥수,37.540685,127.017965,역
온수,37.492258,126.823388,역
올림픽공원,37.516078,127.130848,역
왕십리,37.561533,127.037732,역
외대앞,37.596073,127.063549,역
용답,37.561904,127.050899,역
용두,37.57402800000001,127.038091,역
용마산,37.573647,127.086727,역
용산,37.529849,126.964561,역
우장산,37.548768,126.836318,역
월계,37.633212,127.058831,역
월곡,37.601948,127.041518,역
월드컵경기장,37.569532,126.899298,역
을지로3가,37.566295,126.99191,역
을지로4가,37.566941,126.998079,역
을지로입구,37.566014,126.982618,역
응봉,37.54994600000001,127.03453799999998,역
응암,37.598605,126.915577,역
이대,37.556733,126.946013,역
이천,37.265579,127.44226,역
이촌,37.522272,126.974345,역
이태원,37.534488,126.994302,역
인하대,37.448493,126.649619,역
일원,37.483681,127.08438999999998,역
잠실,37.51395,127.102234,역
잠실나루,37.520733,127.10379,역
잠실새내,37.511687,127.08616200000002,역
잠원,37.512759,127.01122,역
장승배기,37.504898,126.93915,역
장지,37.478703,127.126191,역
장한평,37.56144000000001,127.064623,역
정릉,37.602802000000004,127.013465,역
제기동,37.57810300000001,127.034893,역
종각,37.570161,126.982923,역
종로3가,37.571607,126.991806,역
종로5가,37.570926,127.001849,역
종합운동장,37.510997,127.073642,역
중계,37.644583,127.064303,역
중곡,37.565923,127.08432,역
중랑,37.594917,127.07611599999998,역
중화,37.602545,127.079264,역
증미,37.557402,126.861939,역
증산,37.583876,126.909645,역
창동,37.653166,127.047731,역
창신,37.579661,127.015241,역
천왕,37.486637,126.83871299999998,역
천호,37.538397,127.123572,역
청계산입구,37.447211,127.055664,역
청구,37.560245,127.013828,역
청담,37.519365,127.05335,역
청량리,37.580178,127.04683500000002,역
초월,37.374419,127.29899999999999,역
총신대입구(이수),37.486263,126.98198899999998,역
충무로,37.561243,126.99428,역
충정로,37.559973,126.963672,역
태릉입구,37.617983,127.07512,역
판교,37.394761,127.111217,역
하계,37.636352,127.06799,역
학동,37.514229,127.031656,역
학여울,37.496663,127.070594,역
한강진,37.539631,127.001725,역
한남,37.52943,127.009169,역
한성대입구,37.588458,127.006221,역
한양대,37.555273,127.043655,역
한티,37.496237,127.052873,역
합정,37.549463,126.913739,역
행당,37.557322,127.029476,역
혜화,37.582336,127.001844,역
홍대입구,37.557192,126.925381,역
홍제,37.589066,126.94373600000002,역
화계,37.634184999999995,127.017482,역
화곡,37.541513,126.840461,역
화랑대,37.620064,127.08468899999998,역
회기,37.58946,127.057583,역
회현,37.558514,126.978246,역
효창공원앞,37.539261,126.961351,역
흑석,37.50877,126.963708,역
